종목코드,종목명,시장,현재가,예측_5일후_등락률(%)
317120,라닉스,KOSDAQ,2175,32.59
008500,일정실업,KOSPI,3070,31.82
001525,동양우,KOSPI,5600,30.33
060250,NHN KCP,KOSDAQ,14910,30.28
010580,에스엠벡셀,KOSPI,2345,29.63
001520,동양,KOSPI,843,29.16
109670,씨싸이트,KOSDAQ,5750,27.61
145170,노브랜드,KOSDAQ,3980,22.87
051780,큐로홀딩스,KOSDAQ,1197,22.3
199480,뱅크웨어글로벌,KOSDAQ,5270,21.81
001527,동양2우B,KOSPI,8760,20.25
448900,한국피아이엠,KOSDAQ,43800,19.39
460470,아이빔테크놀로지,KOSDAQ,3290,19.31
378800,샤페론,KOSDAQ,1740,19.3
085910,네오티스,KOSDAQ,8970,19.04
377480,마음AI,KOSDAQ,18600,17.24
001080,만호제강,KOSPI,4370,16.56
264660,씨앤지하이테크,KOSDAQ,15900,16.3
035420,NAVER,KOSPI,242500,16.29
012210,삼미금속,KOSDAQ,10630,15.26
049720,고려신용정보,KOSDAQ,10560,15.01
241770,메카로,KOSDAQ,23000,14.6
462520,조선내화,KOSPI,14100,14.46
138610,나이벡,KOSDAQ,37550,14.46
210980,SK디앤디,KOSPI,12690,14.24
451250,삐아,KOSDAQ,9200,13.88
413630,씨피시스템,KOSDAQ,4545,13.63
174900,앱클론,KOSDAQ,42500,13.34
294570,쿠콘,KOSDAQ,28400,13.24
451700,엔에이치스팩29호,KOSDAQ,2600,12.78
095190,신화프리텍,KOSDAQ,2065,12.58
115180,큐리언트,KOSDAQ,30250,12.11
222800,심텍,KOSDAQ,49350,11.94
004710,한솔테크닉스,KOSPI,5880,11.75
208710,포톤,KOSDAQ,2150,11.43
070590,인티큐브,KOSDAQ,2155,11.26
476060,온코닉테라퓨틱스,KOSDAQ,19550,10.78
236810,엔비티,KOSDAQ,2100,10.7
010950,S-Oil,KOSPI,83000,10.57
245620,EDGC,KOSDAQ,415,10.4
192410,오늘이엔엠,KOSDAQ,1464,10.35
036710,심텍홀딩스,KOSDAQ,2720,9.8
272110,케이엔제이,KOSDAQ,21600,9.51
025620,차AI헬스케어,KOSPI,10660,9.46
030530,원익홀딩스,KOSDAQ,48700,9.27
006220,제주은행,KOSPI,11250,9.2
462350,이노스페이스,KOSDAQ,11314,9.11
464500,아이언디바이스,KOSDAQ,3260,8.95
079950,인베니아,KOSDAQ,1193,8.67
080720,한국유니온제약,KOSDAQ,2725,8.58
030720,동원수산,KOSPI,6080,8.58
265560,영화테크,KOSDAQ,6860,8.52
000230,일동홀딩스,KOSPI,13290,8.16
419080,엔젯,KOSDAQ,8160,8.12
021045,대호특수강우,KOSDAQ,2955,8.12
366030,공구우먼,KOSDAQ,5250,8.11
487360,신한제14호스팩,KOSDAQ,2050,8.07
010955,S-Oil우,KOSPI,48200,7.99
034220,LG디스플레이,KOSPI,11810,7.98
469480,IBKS제24호스팩,KOSDAQ,2235,7.59
225190,LK삼양,KOSDAQ,1365,7.48
282720,금양그린파워,KOSDAQ,11250,7.45
376270,HEM파마,KOSDAQ,45850,7.43
482630,삼양엔씨켐,KOSDAQ,11450,7.31
387570,파인메딕스,KOSDAQ,7500,7.27
014285,금강공업우,KOSPI,10010,7.22
024950,삼천리자전거,KOSDAQ,4473,7.01
452980,신한제11호스팩,KOSDAQ,2085,6.95
234340,헥토파이낸셜,KOSDAQ,15410,6.92
052770,아이톡시,KOSDAQ,773,6.87
030350,드래곤플라이,KOSDAQ,973,6.84
067310,하나마이크론,KOSDAQ,25750,6.57
146320,비씨엔씨,KOSDAQ,13570,6.57
017040,광명전기,KOSPI,1234,6.53
001515,SK증권우,KOSPI,2490,6.49
004920,씨아이테크,KOSPI,1069,6.48
263800,데이타솔루션,KOSDAQ,4995,6.38
131290,티에스이,KOSDAQ,57600,6.36
123750,알톤,KOSDAQ,1299,6.23
105840,우진,KOSPI,17070,6.14
106520,노블엠앤비,KOSDAQ,411,6.07
217480,에스디생명공학,KOSDAQ,499,6.02
000440,중앙에너비스,KOSDAQ,15670,5.98
238200,비피도,KOSDAQ,3065,5.93
437730,삼현,KOSDAQ,55200,5.93
009520,포스코엠텍,KOSDAQ,15790,5.92
024830,세원물산,KOSDAQ,10300,5.87
104830,원익머트리얼즈,KOSDAQ,30900,5.75
199800,툴젠,KOSDAQ,58600,5.67
210120,캔버스엔,KOSDAQ,1154,5.67
382900,범한퓨얼셀,KOSDAQ,26200,5.62
259630,엠플러스,KOSDAQ,11820,5.55
060900,에이전트AI,KOSDAQ,600,5.46
229000,젠큐릭스,KOSDAQ,1551,5.27
041910,폴라리스AI파마,KOSDAQ,6230,5.23
462860,더즌,KOSDAQ,3780,5.21
278470,에이피알,KOSPI,231000,5.21
000545,흥국화재우,KOSPI,7410,5.13
175250,아이큐어,KOSDAQ,2170,5.05
474660,신한제12호스팩,KOSDAQ,2070,5.03
091580,상신이디피,KOSDAQ,13110,5.03
036200,유니셈,KOSDAQ,9660,4.97
005745,크라운해태홀딩스우,KOSPI,8230,4.96
089030,테크윙,KOSDAQ,45800,4.93
142760,모아라이프플러스,KOSDAQ,1775,4.78
054940,엑사이엔씨,KOSDAQ,674,4.73
475960,토모큐브,KOSDAQ,51000,4.71
110990,디아이티,KOSDAQ,14570,4.71
012750,에스원,KOSPI,72100,4.71
171090,선익시스템,KOSDAQ,52500,4.66
478390,KB제29호스팩,KOSDAQ,2080,4.65
321370,센서뷰,KOSDAQ,1300,4.65
338100,NH프라임리츠,KOSPI,4455,4.65
445680,큐리옥스바이오시스템즈,KOSDAQ,117000,4.63
477340,에이치엠씨제7호스팩,KOSDAQ,2015,4.6
475250,하나33호스팩,KOSDAQ,2100,4.59
431190,케이쓰리아이,KOSDAQ,5030,4.53
054780,키이스트,KOSDAQ,3215,4.46
486630,KB제30호스팩,KOSDAQ,2045,4.31
389680,유디엠텍,KOSDAQ,508,4.28
006660,삼성공조,KOSPI,14190,4.11
353810,이지바이오,KOSDAQ,5810,4.08
194700,노바렉스,KOSDAQ,14000,4.07
010040,한국내화,KOSPI,2095,3.98
002410,범양건영,KOSPI,1935,3.98
226590,엠디바이스,KOSDAQ,13280,3.8
027040,서울전자통신,KOSDAQ,191,3.8
469900,하나31호스팩,KOSDAQ,2060,3.79
004450,삼화왕관,KOSPI,29300,3.78
126560,현대퓨처넷,KOSPI,3070,3.77
009770,삼정펄프,KOSPI,31100,3.73
276040,스코넥,KOSDAQ,1474,3.73
018290,브이티,KOSDAQ,17510,3.72
468760,유진스팩10호,KOSDAQ,2115,3.66
419530,SAMG엔터,KOSDAQ,41350,3.53
249420,일동제약,KOSPI,38500,3.5
124500,아이티센글로벌,KOSDAQ,30300,3.5
004545,깨끗한나라우,KOSPI,11870,3.49
021040,대호특수강,KOSDAQ,1316,3.46
084730,팅크웨어,KOSDAQ,7770,3.43
060230,제이케이시냅스,KOSDAQ,575,3.41
102710,이엔에프테크놀로지,KOSDAQ,47000,3.4
170790,파이오링크,KOSDAQ,8800,3.4
356860,티엘비,KOSDAQ,59800,3.4
128940,한미약품,KOSPI,452000,3.33
469880,하나30호스팩,KOSDAQ,2070,3.32
013520,화승코퍼레이션,KOSPI,2165,3.29
052790,액토즈소프트,KOSDAQ,6130,3.24
223310,사토시홀딩스,KOSDAQ,2320,3.24
072990,에이치시티,KOSDAQ,5640,3.21
478110,이베스트스팩6호,KOSDAQ,2010,3.2
444530,심플랫폼,KOSDAQ,8580,3.17
042510,라온시큐어,KOSDAQ,9110,3.03
003570,SNT다이내믹스,KOSPI,46600,3.03
405000,플라즈맵,KOSDAQ,5800,2.97
477470,미래에셋비전스팩5호,KOSDAQ,2130,2.96
089140,넥스턴앤롤코리아,KOSDAQ,2175,2.9
263750,펄어비스,KOSDAQ,37400,2.89
053690,한미글로벌,KOSPI,17960,2.82
109070,주성코퍼레이션,KOSPI,792,2.81
015590,DKME,KOSPI,515,2.77
008370,원풍,KOSDAQ,4845,2.77
088980,맥쿼리인프라,KOSPI,11250,2.76
252500,세화피앤씨,KOSDAQ,805,2.76
083660,CSA 코스믹,KOSDAQ,482,2.73
154030,아시아종묘,KOSDAQ,1991,2.66
098120,마이크로컨텍솔,KOSDAQ,16880,2.65
068270,셀트리온,KOSPI,181000,2.61
160980,싸이맥스,KOSDAQ,14600,2.6
011170,롯데케미칼,KOSPI,70300,2.6
319660,피에스케이,KOSDAQ,36900,2.55
002220,한일철강,KOSPI,5070,2.54
003670,포스코퓨처엠,KOSPI,187000,2.51
080580,오킨스전자,KOSDAQ,10300,2.5
105330,케이엔더블유,KOSDAQ,5830,2.49
204620,글로벌텍스프리,KOSDAQ,4480,2.47
020180,대신정보통신,KOSDAQ,1017,2.46
008470,부스타,KOSDAQ,4040,2.46
054220,비츠로시스,KOSDAQ,391,2.44
012205,계양전기우,KOSPI,12480,2.44
069140,누리플랜,KOSDAQ,2905,2.4
012450,한화에어로스페이스,KOSPI,941000,2.4
484870,엠앤씨솔루션,KOSPI,142800,2.4
069330,유아이디,KOSDAQ,1133,2.38
032685,소프트센우,KOSDAQ,7060,2.37
000040,KR모터스,KOSPI,451,2.36
464680,KB제27호스팩,KOSDAQ,2065,2.36
002870,신풍,KOSPI,1126,2.36
478440,미래에셋비전스팩6호,KOSDAQ,2045,2.35
035600,KG이니시스,KOSDAQ,10220,2.33
204270,제이앤티씨,KOSDAQ,19820,2.33
393970,대진첨단소재,KOSDAQ,4305,2.32
330730,스톤브릿지벤처스,KOSDAQ,5220,2.3
082640,동양생명,KOSPI,6570,2.3
001770,SHD,KOSPI,18150,2.26
162300,신스틸,KOSDAQ,1763,2.26
039830,오로라,KOSDAQ,14420,2.22
071320,지역난방공사,KOSPI,96400,2.2
303360,프로티아,KOSDAQ,6240,2.19
009310,참엔지니어링,KOSPI,1106,2.19
271980,제일약품,KOSPI,15150,2.17
019990,에너토크,KOSDAQ,7030,2.11
000225,유유제약1우,KOSPI,5190,2.1
467930,IBKS제23호스팩,KOSDAQ,2245,2.04
066790,씨씨에스,KOSDAQ,1493,2.03
145210,다이나믹디자인,KOSPI,712,2.01
334890,이지스밸류플러스리츠,KOSPI,4165,2.0
014825,동원시스템즈우,KOSPI,17980,1.98
094800,맵스리얼티,KOSPI,5090,1.96
307870,비투엔,KOSDAQ,996,1.96
023910,대한약품,KOSDAQ,29250,1.95
032790,엠젠솔루션,KOSDAQ,1073,1.89
372800,아이티아이즈,KOSDAQ,4800,1.88
425040,티이엠씨,KOSDAQ,7650,1.87
419050,삼기에너지솔루션즈,KOSDAQ,1680,1.85
001200,유진투자증권,KOSPI,3440,1.85
069460,대호에이엘,KOSPI,1400,1.83
108380,대양전기공업,KOSDAQ,27700,1.81
002785,진흥기업우B,KOSPI,3690,1.77
004410,서울식품,KOSPI,149,1.74
482520,교보16호스팩,KOSDAQ,2065,1.72
241710,코스메카코리아,KOSDAQ,66600,1.72
093320,케이아이엔엑스,KOSDAQ,121100,1.71
394800,쓰리빌리언,KOSDAQ,18230,1.71
025770,한국정보통신,KOSDAQ,7660,1.7
139050,BF랩스,KOSDAQ,2805,1.68
121890,에스디시스템,KOSDAQ,1740,1.68
002787,진흥기업2우B,KOSPI,8390,1.67
204210,스타에스엠리츠,KOSPI,2035,1.67
181710,NHN,KOSPI,29050,1.66
069960,현대백화점,KOSPI,88600,1.64
082920,비츠로셀,KOSDAQ,17620,1.64
363250,진시스템,KOSDAQ,4100,1.63
007570,일양약품,KOSPI,14600,1.63
025440,DH오토웨어,KOSDAQ,778,1.58
477760,DB금융스팩12호,KOSDAQ,2125,1.57
006650,대한유화,KOSPI,144800,1.56
208350,지란지교시큐리티,KOSDAQ,2950,1.55
011810,STX,KOSPI,3530,1.52
477380,미래에셋비전스팩4호,KOSDAQ,2065,1.51
258610,케일럼,KOSDAQ,1376,1.49
000670,영풍,KOSPI,47500,1.46
037760,쎄니트,KOSDAQ,1789,1.45
199430,케이엔알시스템,KOSDAQ,27100,1.44
498390,한화플러스제5호스팩,KOSDAQ,2010,1.43
002210,동성제약,KOSPI,973,1.43
290720,푸드나무,KOSDAQ,1994,1.42
032640,LG유플러스,KOSPI,14720,1.41
438700,버넥트,KOSDAQ,3235,1.41
036800,나이스정보통신,KOSDAQ,25350,1.41
009415,태영건설우,KOSPI,13500,1.41
408920,메쎄이상,KOSDAQ,3210,1.41
039980,폴라리스AI,KOSDAQ,1788,1.37
327260,RF머트리얼즈,KOSDAQ,22850,1.37
355390,크라우드웍스,KOSDAQ,3375,1.37
101970,우양에이치씨,KOSDAQ,11570,1.37
158430,아톤,KOSDAQ,6170,1.36
036120,서울평가정보,KOSDAQ,2065,1.36
432320,KB스타리츠,KOSPI,3270,1.36
111110,호전실업,KOSPI,7720,1.35
000850,화천기공,KOSPI,36350,1.32
170920,엘티씨,KOSDAQ,19190,1.31
362320,청담글로벌,KOSDAQ,6060,1.3
007980,TP,KOSPI,1886,1.29
078350,한양디지텍,KOSDAQ,21550,1.28
064850,에프앤가이드,KOSDAQ,8660,1.26
009730,이렘,KOSDAQ,670,1.25
014915,성문전자우,KOSPI,6350,1.25
380540,옵티코어,KOSDAQ,2050,1.25
462510,라메디텍,KOSDAQ,6590,1.23
008355,남선알미우,KOSPI,18000,1.22
014680,한솔케미칼,KOSPI,227500,1.21
314140,알피바이오,KOSDAQ,7400,1.2
093380,풍강,KOSDAQ,2715,1.18
303030,지니틱스,KOSDAQ,706,1.17
033560,블루콤,KOSDAQ,3100,1.14
005670,푸드웰,KOSDAQ,6190,1.14
025820,이구산업,KOSPI,5570,1.14
140410,메지온,KOSDAQ,90100,1.12
192250,케이사인,KOSDAQ,9890,1.1
030200,KT,KOSPI,52600,1.08
187220,디티앤씨,KOSDAQ,2375,1.06
014620,성광벤드,KOSDAQ,25750,1.06
023350,한국종합기술,KOSPI,4810,1.04
002995,금호건설우,KOSPI,20500,1.04
072470,우리산업홀딩스,KOSDAQ,3205,1.04
109610,에스와이,KOSDAQ,3050,1.02
26490K,크라운제과우,KOSPI,9870,1.01
365270,큐라클,KOSDAQ,7130,0.99
012860,모베이스전자,KOSDAQ,1395,0.98
098660,에스티오,KOSDAQ,1779,0.96
047810,한국항공우주,KOSPI,114400,0.96
094480,갤럭시아머니트리,KOSDAQ,9130,0.95
016670,디모아,KOSDAQ,4425,0.94
042520,한스바이오메드,KOSDAQ,27600,0.93
117670,알파칩스,KOSDAQ,8600,0.92
348950,제이알글로벌리츠,KOSPI,2800,0.92
417860,오브젠,KOSDAQ,12100,0.9
064760,티씨케이,KOSDAQ,142200,0.88
312610,에이에프더블류,KOSDAQ,1373,0.88
082270,젬백스,KOSDAQ,29000,0.85
023450,동남합성,KOSPI,33750,0.85
007575,일양약품우,KOSPI,15260,0.84
400760,NH올원리츠,KOSPI,3365,0.81
002880,디와이에이,KOSPI,1085,0.79
026910,광진실업,KOSDAQ,2750,0.78
122870,와이지엔터테인먼트,KOSDAQ,69400,0.78
221840,하이즈항공,KOSDAQ,2195,0.77
462020,에이치엠씨제6호스팩,KOSDAQ,2080,0.77
071850,캐스텍코리아,KOSDAQ,1543,0.77
101140,인바이오젠,KOSPI,10490,0.76
458870,씨어스,KOSDAQ,43390,0.76
067170,오텍,KOSDAQ,1870,0.74
111770,영원무역,KOSPI,81800,0.74
004440,삼일씨엔에스,KOSPI,5990,0.72
006570,대림통상,KOSPI,2240,0.72
010400,우진아이엔에스,KOSPI,4020,0.72
317870,엔바이오니아,KOSDAQ,11410,0.7
086390,유니테스트,KOSDAQ,13580,0.65
000145,하이트진로홀딩스우,KOSPI,12900,0.65
034590,인천도시가스,KOSPI,25450,0.64
096240,크레버스,KOSDAQ,12460,0.64
030960,양지사,KOSDAQ,7790,0.59
023760,한국캐피탈,KOSDAQ,803,0.57
089890,코세스,KOSDAQ,21750,0.57
225430,케이엠제약,KOSDAQ,538,0.56
032860,더라미,KOSDAQ,1323,0.55
101670,하이드로리튬,KOSDAQ,1909,0.54
239610,에이치엘사이언스,KOSDAQ,8090,0.54
178780,일월지엠엘,KOSDAQ,2800,0.53
453450,그리드위즈,KOSDAQ,13640,0.53
108490,로보티즈,KOSDAQ,261000,0.52
032560,황금에스티,KOSPI,5960,0.51
017960,한국카본,KOSPI,29850,0.51
033500,동성화인텍,KOSDAQ,25350,0.51
123690,한국화장품,KOSPI,10040,0.49
002320,한진,KOSPI,19710,0.48
130580,나이스디앤비,KOSDAQ,6410,0.48
114630,폴라리스우노,KOSDAQ,501,0.48
023410,유진기업,KOSDAQ,3635,0.47
357780,솔브레인,KOSDAQ,262000,0.47
417310,코람코더원리츠,KOSPI,8690,0.47
094820,일진파워,KOSDAQ,12700,0.45
203400,에이비온,KOSDAQ,3130,0.45
246720,아스타,KOSDAQ,8270,0.43
270660,에브리봇,KOSDAQ,23150,0.43
068790,DMS,KOSDAQ,9140,0.41
000120,CJ대한통운,KOSPI,94600,0.41
118000,메타케어,KOSPI,305,0.41
002690,동일제강,KOSPI,1630,0.41
005430,한국공항,KOSPI,65000,0.41
088130,동아엘텍,KOSDAQ,3825,0.39
089010,켐트로닉스,KOSDAQ,30600,0.39
200780,비씨월드제약,KOSDAQ,5510,0.38
404990,신한서부티엔디리츠,KOSPI,3595,0.37
084370,유진테크,KOSDAQ,75000,0.36
204840,지엘팜텍,KOSDAQ,1091,0.36
099430,바이오플러스,KOSDAQ,5030,0.36
038950,파인디지털,KOSDAQ,3230,0.36
415640,KB발해인프라,KOSPI,10020,0.34
002390,한독,KOSPI,11200,0.34
284620,카이노스메드,KOSDAQ,1087,0.33
082660,코스나인,KOSDAQ,480,0.33
037400,우리엔터프라이즈,KOSDAQ,992,0.32
234080,JW생명과학,KOSPI,12850,0.32
443060,HD현대마린솔루션,KOSPI,193500,0.31
065450,빅텍,KOSDAQ,3520,0.3
264850,이랜시스,KOSDAQ,6850,0.3
096350,대창솔루션,KOSDAQ,2335,0.3
134060,이퓨쳐,KOSDAQ,4070,0.29
037230,한국팩키지,KOSDAQ,1955,0.28
083650,비에이치아이,KOSDAQ,52300,0.28
072950,빛샘전자,KOSDAQ,5280,0.28
097780,에코볼트,KOSDAQ,880,0.27
011155,CJ씨푸드1우,KOSPI,16400,0.27
234920,자이글,KOSDAQ,5310,0.25
012510,더존비즈온,KOSPI,85600,0.24
008490,서흥,KOSPI,21650,0.24
083550,케이엠,KOSDAQ,3385,0.23
079370,제우스,KOSDAQ,14760,0.22
030000,제일기획,KOSPI,21000,0.21
291810,핀텔,KOSDAQ,2300,0.21
079550,LIG디펜스앤에어로스페이스,KOSPI,421000,0.2
078860,스테이지원엔터,KOSDAQ,1057,0.2
039010,현대에이치티,KOSDAQ,9180,0.2
009440,KC그린홀딩스,KOSPI,756,0.19
250930,예선테크,KOSDAQ,491,0.19
005930,삼성전자,KOSPI,119900,0.19
049830,승일,KOSDAQ,8600,0.16
046310,백금T&A,KOSDAQ,3525,0.16
036010,아비코전자,KOSDAQ,7090,0.16
323280,태성,KOSDAQ,44500,0.15
290740,액트로,KOSDAQ,16160,0.15
329180,HD현대중공업,KOSPI,509000,0.15
002025,코오롱우,KOSPI,26700,0.14
130740,티피씨글로벌,KOSDAQ,1829,0.14
318010,팜스빌,KOSDAQ,3435,0.13
294090,이오플로우,KOSDAQ,1490,0.13
131090,시큐브,KOSDAQ,3875,0.13
055550,신한지주,KOSPI,76900,0.12
240550,동방메디컬,KOSDAQ,7810,0.11
473000,에스케이증권제12호스팩,KOSDAQ,2045,0.1
200470,에이팩트,KOSDAQ,6790,0.1
227100,프로브잇,KOSDAQ,612,0.09
009200,무림페이퍼,KOSPI,2010,0.09
049480,오픈베이스,KOSDAQ,2330,0.08
389030,지니너스,KOSDAQ,3500,0.06
046440,KG파이낸셜,KOSDAQ,4700,0.06
000087,하이트진로2우B,KOSPI,15120,0.04
373220,LG에너지솔루션,KOSPI,368500,0.03
000180,성창기업지주,KOSPI,1511,0.02
126880,제이엔케이글로벌,KOSDAQ,3830,0.02
272210,한화시스템,KOSPI,54400,0.02
197140,디지캡,KOSDAQ,2445,0.01
051630,진양화학,KOSPI,2700,-0.0
140910,에이리츠,KOSPI,3130,-0.01
179530,애드바이오텍,KOSDAQ,2030,-0.01
001810,무림SP,KOSDAQ,1496,-0.01
099390,브레인즈컴퍼니,KOSDAQ,5350,-0.01
153460,네이블,KOSDAQ,7140,-0.02
115530,씨엔플러스,KOSDAQ,337,-0.04
060560,HC홈센타,KOSDAQ,744,-0.04
000020,동화약품,KOSPI,6250,-0.04
328380,솔트웨어,KOSDAQ,822,-0.04
127710,아시아경제,KOSDAQ,1060,-0.05
032190,다우데이타,KOSDAQ,18400,-0.05
238120,얼라인드,KOSDAQ,3870,-0.07
322310,오로스테크놀로지,KOSDAQ,25400,-0.07
36328K,티와이홀딩스우,KOSPI,4400,-0.07
014910,성문전자,KOSPI,1518,-0.07
078160,메디포스트,KOSDAQ,18190,-0.1
024740,한일단조,KOSDAQ,2150,-0.11
017250,인터엠,KOSDAQ,1009,-0.11
014100,메디앙스,KOSDAQ,1785,-0.12
048770,TPC로보틱스,KOSDAQ,3040,-0.12
03481K,해성산업1우,KOSDAQ,9980,-0.12
037710,광주신세계,KOSPI,31650,-0.12
047050,포스코인터내셔널,KOSPI,49600,-0.13
023960,에쓰씨엔지니어링,KOSPI,1300,-0.13
041830,인바디,KOSDAQ,32750,-0.13
140520,대창스틸,KOSDAQ,2155,-0.14
029780,삼성카드,KOSPI,55900,-0.15
025980,아난티,KOSDAQ,7800,-0.16
005290,동진쎄미켐,KOSDAQ,36650,-0.16
900290,GRT,KOSDAQ,3110,-0.17
007330,푸른저축은행,KOSDAQ,9730,-0.17
077360,덕산하이메탈,KOSDAQ,6090,-0.17
100030,인지소프트,KOSDAQ,19980,-0.17
003535,한화투자증권우,KOSPI,7980,-0.18
019180,티에이치엔,KOSPI,7950,-0.19
083470,이엠앤아이,KOSDAQ,798,-0.19
45226K,한화갤러리아우,KOSPI,7770,-0.19
473950,에스케이증권제13호스팩,KOSDAQ,2030,-0.19
004490,세방전지,KOSPI,62800,-0.2
448730,삼성FN리츠,KOSPI,4710,-0.2
002100,경농,KOSPI,9310,-0.21
088800,에이스테크,KOSDAQ,2925,-0.22
001450,현대해상,KOSPI,30800,-0.25
113810,디젠스,KOSDAQ,787,-0.26
002030,아세아,KOSPI,326500,-0.26
043090,더테크놀로지,KOSDAQ,380,-0.26
065650,하이퍼코퍼레이션,KOSDAQ,2005,-0.27
238490,힘스,KOSDAQ,3515,-0.27
034020,두산에너빌리티,KOSPI,75300,-0.27
247660,나노씨엠에스,KOSDAQ,5240,-0.28
008970,KBI동양철관,KOSPI,1717,-0.28
024890,대원화성,KOSPI,725,-0.28
38380K,LX홀딩스1우,KOSPI,8900,-0.29
278650,HLB바이오스텝,KOSDAQ,1454,-0.29
123700,SJM,KOSPI,3755,-0.29
037350,성도이엔지,KOSDAQ,6010,-0.29
039420,케이엘넷,KOSDAQ,2875,-0.3
018310,삼목에스폼,KOSDAQ,19700,-0.3
015260,에이엔피,KOSPI,430,-0.31
166090,하나머티리얼즈,KOSDAQ,43100,-0.31
005935,삼성전자우,KOSPI,89200,-0.32
274400,이노시뮬레이션,KOSDAQ,4200,-0.32
001795,대한제당우,KOSPI,2535,-0.32
049630,재영솔루텍,KOSDAQ,4510,-0.32
222160,NPX,KOSDAQ,8040,-0.33
010140,삼성중공업,KOSPI,24100,-0.33
025530,SJM홀딩스,KOSPI,3750,-0.34
234300,에스트래픽,KOSDAQ,3500,-0.34
001067,JW중외제약2우B,KOSPI,60700,-0.36
143540,영우디에스피,KOSDAQ,949,-0.36
082740,한화엔진,KOSPI,42950,-0.36
073570,리튬포어스,KOSDAQ,903,-0.37
039340,한국경제TV,KOSDAQ,5560,-0.38
241790,티이엠씨씨엔에스,KOSDAQ,6610,-0.39
475660,에스켐,KOSDAQ,5550,-0.39
034830,한국토지신탁,KOSPI,1259,-0.4
053620,태양,KOSDAQ,6510,-0.4
361670,삼영에스앤씨,KOSDAQ,3595,-0.4
219550,디와이디,KOSDAQ,876,-0.4
004080,신흥,KOSPI,13990,-0.4
478560,블랙야크아이앤씨,KOSDAQ,3565,-0.42
069510,에스텍,KOSDAQ,14570,-0.43
35320K,대덕전자1우,KOSPI,14640,-0.45
316140,우리금융지주,KOSPI,28000,-0.45
051390,YW,KOSDAQ,3920,-0.46
001065,JW중외제약우,KOSPI,29400,-0.46
000400,롯데손해보험,KOSPI,1739,-0.46
031820,아이티센씨티에스,KOSPI,592,-0.46
277410,인산가,KOSDAQ,1217,-0.47
009580,무림P&P,KOSPI,2530,-0.47
005710,대원산업,KOSDAQ,14160,-0.47
150900,파수,KOSDAQ,4415,-0.48
381620,제닉스로보틱스,KOSDAQ,12580,-0.48
089470,HDC현대EP,KOSPI,4290,-0.48
037070,파세코,KOSDAQ,7930,-0.49
007590,동방아그로,KOSPI,6000,-0.5
015760,한국전력,KOSPI,47200,-0.5
069730,DSR제강,KOSPI,3840,-0.52
035150,백산,KOSPI,13060,-0.52
029480,광무,KOSDAQ,2190,-0.53
090430,아모레퍼시픽,KOSPI,119500,-0.53
017800,현대엘리베이터,KOSPI,88300,-0.54
224060,더코디,KOSDAQ,2550,-0.55
079650,서산,KOSDAQ,1425,-0.58
136410,아셈스,KOSDAQ,9990,-0.59
101240,씨큐브,KOSDAQ,4215,-0.59
472230,에스케이증권제11호스팩,KOSDAQ,2045,-0.6
000760,이화산업,KOSPI,14220,-0.61
226340,본느,KOSDAQ,650,-0.62
472220,신영스팩10호,KOSDAQ,2185,-0.63
466100,클로봇,KOSDAQ,63000,-0.63
035250,강원랜드,KOSPI,18950,-0.64
059270,해성에어로보틱스,KOSDAQ,9520,-0.64
340930,유일에너테크,KOSDAQ,1367,-0.64
106190,하이텍팜,KOSDAQ,12020,-0.65
361390,제노코,KOSDAQ,17880,-0.66
168360,펨트론,KOSDAQ,15090,-0.66
035810,이지홀딩스,KOSDAQ,4475,-0.66
064240,홈캐스트,KOSDAQ,1851,-0.66
119850,지엔씨에너지,KOSDAQ,30900,-0.67
054620,APS,KOSDAQ,4060,-0.67
029460,케이씨,KOSPI,25500,-0.69
006920,모헨즈,KOSDAQ,3270,-0.7
088290,이원컴포텍,KOSDAQ,799,-0.7
067630,HLB생명과학,KOSDAQ,3875,-0.71
331920,셀레믹스,KOSDAQ,2715,-0.71
417010,나노팀,KOSDAQ,7150,-0.71
011785,금호석유화학우,KOSPI,61100,-0.71
065060,지엔코,KOSDAQ,780,-0.71
213500,한솔제지,KOSPI,8310,-0.72
002290,삼일기업공사,KOSDAQ,3765,-0.73
064260,다날,KOSDAQ,7200,-0.73
002355,넥센타이어1우B,KOSPI,3750,-0.74
152550,한국ANKOR유전,KOSPI,208,-0.74
277810,레인보우로보틱스,KOSDAQ,470500,-0.74
011070,LG이노텍,KOSPI,271000,-0.75
018700,바른손,KOSDAQ,917,-0.76
138360,앤로보틱스,KOSDAQ,1005,-0.76
043360,디지아이,KOSDAQ,2295,-0.76
33637K,솔루스첨단소재1우,KOSPI,1990,-0.77
060480,국일신동,KOSDAQ,1606,-0.78
058850,KTcs,KOSPI,2850,-0.78
012340,뉴인텍,KOSDAQ,483,-0.79
038540,상상인,KOSDAQ,1730,-0.8
084110,휴온스글로벌,KOSDAQ,51200,-0.8
110790,크리스에프앤씨,KOSDAQ,4050,-0.8
145995,삼양사우,KOSPI,36800,-0.8
361570,알비더블유,KOSDAQ,1750,-0.81
068940,셀피글로벌,KOSDAQ,778,-0.82
145990,삼양사,KOSPI,47400,-0.83
002960,한국쉘석유,KOSPI,450500,-0.83
005180,빙그레,KOSPI,74500,-0.84
006400,삼성SDI,KOSPI,269500,-0.84
129260,인터지스,KOSPI,2400,-0.86
200230,텔콘RF제약,KOSDAQ,917,-0.86
004255,NPC우,KOSPI,2490,-0.87
012320,경동인베스트,KOSPI,51900,-0.87
000227,유유제약2우B,KOSPI,11180,-0.87
214390,경보제약,KOSPI,5770,-0.87
187790,나노,KOSDAQ,3480,-0.88
215200,메가스터디교육,KOSDAQ,42150,-0.88
296640,이노에이엑스,KOSDAQ,5710,-0.88
079190,케스피온,KOSDAQ,457,-0.89
005965,동부건설우,KOSPI,24550,-0.89
058430,포스코스틸리온,KOSPI,3980,-0.89
030210,다올투자증권,KOSPI,3510,-0.89
443250,레뷰코퍼레이션,KOSDAQ,10490,-0.89
001420,태원물산,KOSPI,3560,-0.89
219130,타이거일렉,KOSDAQ,22200,-0.9
003610,방림,KOSPI,5720,-0.9
123010,알엔티엑스,KOSDAQ,1097,-0.91
018250,애경산업,KOSPI,13140,-0.91
208140,정다운,KOSDAQ,2640,-0.91
085660,차바이오텍,KOSDAQ,14670,-0.91
228850,레이언스,KOSDAQ,5200,-0.92
114190,강원에너지,KOSDAQ,12550,-0.93
123840,뉴온,KOSDAQ,969,-0.93
047770,코데즈컴바인,KOSDAQ,2835,-0.93
004415,서울식품우,KOSPI,1340,-0.93
323350,다원넥스뷰,KOSDAQ,5190,-0.94
089970,브이엠,KOSDAQ,30200,-0.94
196300,HLB펩,KOSDAQ,7160,-0.95
403870,HPSP,KOSDAQ,33500,-0.95
004090,한국석유,KOSPI,13940,-0.96
145270,케이탑리츠,KOSPI,928,-0.97
131760,파인텍,KOSDAQ,766,-0.98
263770,유에스티,KOSDAQ,1903,-0.98
004985,성신양회우,KOSPI,11800,-0.98
900100,애머릿지,KOSDAQ,574,-0.98
187420,HLB제넥스,KOSDAQ,2650,-0.99
084440,유비온,KOSDAQ,993,-0.99
004780,대륙제관,KOSDAQ,3690,-1.0
332290,누보,KOSDAQ,1220,-1.0
143160,아이디스,KOSDAQ,18080,-1.0
067370,선바이오,KOSDAQ,5680,-1.01
084670,동양고속,KOSPI,73200,-1.01
021050,서원,KOSPI,1101,-1.01
102940,코오롱생명과학,KOSDAQ,51700,-1.02
141000,비아트론,KOSDAQ,7300,-1.02
255440,야스,KOSDAQ,10540,-1.02
402030,코난테크놀로지,KOSDAQ,19710,-1.03
033640,네패스,KOSDAQ,15600,-1.03
232680,라온로보틱스,KOSDAQ,14550,-1.04
900070,글로벌에스엠,KOSDAQ,422,-1.04
011300,우성머티리얼스,KOSPI,350,-1.04
33626L,두산퓨얼셀2우B,KOSPI,10170,-1.04
085810,알티캐스트,KOSDAQ,587,-1.05
006980,우성,KOSPI,16050,-1.06
020560,아시아나항공,KOSPI,7860,-1.07
000815,삼성화재우,KOSPI,377500,-1.07
355690,에이텀,KOSDAQ,3601,-1.07
102260,동성케미컬,KOSPI,4250,-1.08
080530,코디,KOSDAQ,1033,-1.09
053980,오상자이엘,KOSDAQ,3430,-1.09
035620,바른손이앤에이,KOSDAQ,372,-1.1
267850,아시아나IDT,KOSPI,11380,-1.1
388610,지에프씨생명과학,KOSDAQ,14200,-1.1
042110,에스씨디,KOSDAQ,1271,-1.1
221800,유투바이오,KOSDAQ,3920,-1.11
096775,SK이노베이션우,KOSPI,70400,-1.11
057050,현대홈쇼핑,KOSPI,55000,-1.11
900140,엘브이엠씨홀딩스,KOSPI,1600,-1.12
133820,화인베스틸,KOSPI,1643,-1.12
095340,ISC,KOSDAQ,111100,-1.12
473050,유안타제15호스팩,KOSDAQ,2045,-1.13
006890,태경케미컬,KOSPI,8140,-1.13
095500,미래나노텍,KOSDAQ,10130,-1.13
214320,이노션,KOSPI,18460,-1.13
131180,딜리,KOSDAQ,1007,-1.14
005830,DB손해보험,KOSPI,131100,-1.15
122900,아이마켓코리아,KOSPI,7880,-1.15
078935,GS우,KOSPI,48100,-1.16
246250,에스엘에스바이오,KOSDAQ,1969,-1.16
078070,유비쿼스홀딩스,KOSDAQ,10800,-1.17
214180,헥토이노베이션,KOSDAQ,16120,-1.18
352910,오비고,KOSDAQ,6150,-1.18
950160,코오롱티슈진,KOSDAQ,79600,-1.18
097870,효성오앤비,KOSDAQ,6000,-1.18
103230,에스앤더블류,KOSDAQ,4160,-1.18
086670,비엠티,KOSDAQ,11650,-1.19
395400,SK리츠,KOSPI,5790,-1.19
044450,KSS해운,KOSPI,8980,-1.19
009190,대양금속,KOSPI,1296,-1.19
000890,보해양조,KOSPI,426,-1.2
289010,아이스크림에듀,KOSDAQ,1805,-1.2
298060,풍전약품,KOSDAQ,1012,-1.2
347860,알체라,KOSDAQ,2390,-1.21
353590,오토앤,KOSDAQ,3635,-1.21
241560,두산밥캣,KOSPI,57700,-1.21
009540,HD한국조선해양,KOSPI,407000,-1.21
042660,한화오션,KOSPI,113600,-1.21
225590,패션플랫폼,KOSDAQ,870,-1.22
003080,SB성보,KOSPI,2800,-1.22
007680,대원,KOSDAQ,4415,-1.22
023150,MH에탄올,KOSPI,4870,-1.22
005387,현대차2우B,KOSPI,212500,-1.22
078930,GS,KOSPI,56300,-1.22
280360,롯데웰푸드,KOSPI,114600,-1.22
065660,안트로젠,KOSDAQ,46850,-1.23
246960,SCL사이언스,KOSDAQ,2300,-1.23
159910,에코글로우,KOSDAQ,704,-1.23
027970,한국제지,KOSPI,800,-1.25
056730,CNT85,KOSDAQ,601,-1.25
024850,HLB이노베이션,KOSDAQ,1995,-1.25
032800,판타지오,KOSDAQ,482,-1.25
263920,휴엠앤씨,KOSDAQ,3860,-1.26
365550,ESR켄달스퀘어리츠,KOSPI,4265,-1.26
031980,피에스케이홀딩스,KOSDAQ,46300,-1.27
049800,우진플라임,KOSPI,1910,-1.27
103140,풍산,KOSPI,106500,-1.28
025000,KPX케미칼,KOSPI,46700,-1.28
067160,SOOP,KOSDAQ,67800,-1.28
001465,BYC우,KOSPI,24450,-1.28
010240,흥국,KOSDAQ,5200,-1.28
028300,HLB,KOSDAQ,50800,-1.29
481850,신한글로벌액티브리츠,KOSPI,1286,-1.29
017670,SK텔레콤,KOSPI,53500,-1.29
196450,코아시아씨엠,KOSDAQ,763,-1.3
039200,오스코텍,KOSDAQ,45200,-1.31
035890,서희건설,KOSDAQ,1623,-1.31
000080,하이트진로,KOSPI,18440,-1.31
474490,유안타제16호스팩,KOSDAQ,2030,-1.32
005990,매일홀딩스,KOSDAQ,11070,-1.32
090370,메타랩스,KOSPI,1645,-1.32
065510,휴비츠,KOSDAQ,9160,-1.33
304360,에스바이오메딕스,KOSDAQ,37950,-1.33
005490,POSCO홀딩스,KOSPI,305000,-1.33
052420,오성첨단소재,KOSDAQ,1464,-1.34
054410,케이피티유,KOSDAQ,3705,-1.34
143240,사람인,KOSDAQ,13500,-1.34
134380,미원화학,KOSPI,9270,-1.35
089860,롯데렌탈,KOSPI,31500,-1.35
011700,한신기계,KOSPI,3055,-1.35
417970,모델솔루션,KOSDAQ,26200,-1.35
005360,모나미,KOSPI,1954,-1.36
003060,에이프로젠바이오로직스,KOSPI,519,-1.36
046070,코다코,KOSDAQ,10280,-1.36
078590,휴림에이텍,KOSDAQ,793,-1.36
289080,SV인베스트먼트,KOSDAQ,1711,-1.37
466910,엔에이치스팩30호,KOSDAQ,3100,-1.37
006090,사조오양,KOSPI,9050,-1.37
001620,케이비아이동국실업,KOSPI,492,-1.38
002170,SYTS,KOSPI,55800,-1.38
243840,신흥에스이씨,KOSDAQ,4840,-1.38
001120,LX인터내셔널,KOSPI,32500,-1.38
106240,파인테크닉스,KOSDAQ,1388,-1.39
369370,블리츠웨이엔터테인먼트,KOSDAQ,1366,-1.39
260970,에스앤디,KOSDAQ,68100,-1.39
286940,롯데이노베이트,KOSPI,19360,-1.4
003470,유안타증권,KOSPI,3690,-1.4
018260,삼성에스디에스,KOSPI,171500,-1.4
199730,바이오인프라,KOSDAQ,4730,-1.41
357230,에이치피오,KOSDAQ,2420,-1.41
092130,이크레더블,KOSDAQ,16760,-1.41
099320,쎄트렉아이,KOSDAQ,68600,-1.41
457190,이수스페셜티케미컬,KOSPI,59200,-1.41
054090,삼진엘앤디,KOSDAQ,804,-1.41
357120,코람코라이프인프라리츠,KOSPI,4410,-1.41
377300,카카오페이,KOSPI,49100,-1.41
317770,엑스페릭스,KOSDAQ,2795,-1.42
900260,로스웰,KOSDAQ,1572,-1.42
099520,DGI,KOSDAQ,1284,-1.43
001020,페이퍼코리아,KOSPI,620,-1.44
119650,KC코트렐,KOSPI,918,-1.44
195870,해성디에스,KOSPI,55700,-1.44
419540,비스토스,KOSDAQ,1070,-1.45
105630,한세실업,KOSPI,13300,-1.46
044990,에이치엔에스하이텍,KOSDAQ,15300,-1.46
257370,피엔티엠에스,KOSDAQ,2845,-1.47
084680,이월드,KOSPI,1451,-1.47
084695,대상홀딩스우,KOSPI,13710,-1.48
010660,화천기계,KOSPI,5030,-1.49
111710,남화산업,KOSDAQ,4430,-1.49
344860,이노진,KOSDAQ,1864,-1.49
032830,삼성생명,KOSPI,157600,-1.49
001550,조비,KOSPI,11780,-1.5
096870,엘디티,KOSDAQ,2545,-1.5
016610,DB증권,KOSPI,10850,-1.5
021820,세원정공,KOSPI,11700,-1.5
115160,휴맥스,KOSDAQ,791,-1.51
013700,까뮤이앤씨,KOSPI,1234,-1.51
215480,토박스코리아,KOSDAQ,2000,-1.52
070960,모나용평,KOSPI,3305,-1.52
074430,아미노로직스,KOSDAQ,1194,-1.52
024800,유성티엔에스,KOSDAQ,2470,-1.53
228340,동양파일,KOSDAQ,1910,-1.53
363260,모비데이즈,KOSDAQ,1585,-1.54
009140,경인전자,KOSPI,20500,-1.54
024090,디씨엠,KOSPI,12500,-1.54
288330,파라택시스코리아,KOSDAQ,896,-1.54
016100,리더스코스메틱,KOSDAQ,1933,-1.54
013570,디와이,KOSPI,4670,-1.54
309930,조이웍스앤코,KOSDAQ,2050,-1.55
240810,원익IPS,KOSDAQ,67900,-1.55
268280,미원에스씨,KOSPI,140300,-1.56
000810,삼성화재,KOSPI,497000,-1.56
006345,대원전선우,KOSPI,3820,-1.57
001210,금호전기,KOSPI,521,-1.57
019490,엑시큐어하이트론,KOSPI,541,-1.57
267790,배럴,KOSDAQ,3790,-1.57
061970,LB세미콘,KOSDAQ,4345,-1.57
190650,코리아에셋투자증권,KOSDAQ,7150,-1.58
267980,매일유업,KOSDAQ,35200,-1.58
079940,가비아,KOSDAQ,32250,-1.58
064820,케이프,KOSDAQ,9950,-1.58
057680,티사이언티픽,KOSDAQ,765,-1.58
041520,이엘씨,KOSDAQ,7150,-1.58
012800,대창,KOSPI,1278,-1.59
094280,효성ITX,KOSPI,12800,-1.59
306200,세아제강,KOSPI,117300,-1.59
054050,농우바이오,KOSDAQ,7970,-1.6
081660,미스토홀딩스,KOSPI,42700,-1.6
009460,한창제지,KOSPI,530,-1.6
236200,슈프리마,KOSDAQ,39100,-1.61
023530,롯데쇼핑,KOSPI,72500,-1.61
004840,DRB동일,KOSPI,4955,-1.61
336370,솔루스첨단소재,KOSPI,7300,-1.61
146060,율촌,KOSDAQ,1575,-1.61
060570,드림어스컴퍼니,KOSDAQ,1431,-1.62
333430,일승,KOSDAQ,5960,-1.62
153710,옵티팜,KOSDAQ,5100,-1.62
004150,한솔홀딩스,KOSPI,3090,-1.64
005110,한창,KOSPI,1254,-1.64
246690,TS인베스트먼트,KOSDAQ,1367,-1.64
297890,HB솔루션,KOSDAQ,2100,-1.64
100790,미래에셋벤처투자,KOSDAQ,12450,-1.65
365340,성일하이텍,KOSDAQ,40900,-1.65
373200,엑스플러스,KOSDAQ,520,-1.65
085620,미래에셋생명,KOSPI,9380,-1.65
072870,메가스터디,KOSDAQ,10970,-1.65
000650,천일고속,KOSPI,352500,-1.66
064800,포니링크,KOSDAQ,835,-1.67
040420,정상제이엘에스,KOSDAQ,5990,-1.67
432470,케이엔에스,KOSDAQ,9460,-1.67
017370,우신시스템,KOSPI,6200,-1.68
036670,삼양케이씨아이,KOSDAQ,6460,-1.7
066410,버킷스튜디오,KOSDAQ,1153,-1.7
189330,씨이랩,KOSDAQ,4825,-1.71
298540,더네이쳐홀딩스,KOSDAQ,8820,-1.71
019010,베뉴지,KOSDAQ,2685,-1.71
101330,모베이스,KOSDAQ,3215,-1.71
238090,앤디포스,KOSDAQ,1864,-1.71
340570,티앤엘,KOSDAQ,49050,-1.71
462870,시프트업,KOSPI,35500,-1.71
032080,아즈텍WB,KOSDAQ,1299,-1.72
066430,아이로보틱스,KOSDAQ,1730,-1.72
038880,아이에이,KOSDAQ,151,-1.72
017810,풀무원,KOSPI,12940,-1.72
034310,NICE,KOSPI,12990,-1.72
452260,한화갤러리아,KOSPI,1368,-1.73
270520,앱튼,KOSDAQ,347,-1.73
050120,ES큐브,KOSDAQ,2940,-1.73
036460,한국가스공사,KOSPI,39300,-1.73
173130,오파스넷,KOSDAQ,6640,-1.74
018500,동원금속,KOSPI,1390,-1.74
004250,NPC,KOSPI,3780,-1.74
372910,한컴라이프케어,KOSPI,3015,-1.74
307180,아이엘,KOSDAQ,3185,-1.75
121850,코이즈,KOSDAQ,4250,-1.75
291650,압타머사이언스,KOSDAQ,758,-1.75
018120,진로발효,KOSDAQ,18090,-1.75
000640,동아쏘시오홀딩스,KOSPI,106445,-1.75
043370,피에이치에이,KOSDAQ,11740,-1.75
950140,잉글우드랩,KOSDAQ,11260,-1.76
093190,빅솔론,KOSDAQ,5990,-1.76
033250,체시스,KOSPI,1007,-1.76
011040,경동제약,KOSDAQ,5840,-1.77
005389,현대차3우B,KOSPI,205000,-1.77
060310,3S,KOSDAQ,1555,-1.77
184230,SGA솔루션즈,KOSDAQ,628,-1.78
047080,한빛소프트,KOSDAQ,1188,-1.79
009410,태영건설,KOSPI,1756,-1.79
041590,플래스크,KOSDAQ,2370,-1.79
298000,효성화학,KOSPI,38900,-1.79
090150,아이윈,KOSDAQ,756,-1.8
123890,한국자산신탁,KOSPI,2430,-1.8
012620,원일특강,KOSDAQ,8110,-1.81
179900,유티아이,KOSDAQ,19990,-1.81
016800,퍼시스,KOSPI,46550,-1.81
056700,신화인터텍,KOSDAQ,1722,-1.81
050090,비케이홀딩스,KOSDAQ,876,-1.82
035900,JYP Ent.,KOSDAQ,72600,-1.82
024070,WISCOM,KOSPI,1878,-1.82
074600,원익QnC,KOSDAQ,21450,-1.82
000990,DB하이텍,KOSPI,67600,-1.82
161390,한국타이어앤테크놀로지,KOSPI,58300,-1.82
257720,실리콘투,KOSDAQ,38650,-1.82
372170,윤성에프앤씨,KOSDAQ,29600,-1.83
015020,이스타코,KOSPI,592,-1.83
002350,넥센타이어,KOSPI,7530,-1.83
035460,기산텔레콤,KOSDAQ,1916,-1.83
054930,유신,KOSDAQ,22650,-1.84
097950,CJ제일제당,KOSPI,208000,-1.84
073010,케이에스피,KOSDAQ,4200,-1.84
043340,에쎈테크,KOSDAQ,403,-1.84
080470,성창오토텍,KOSDAQ,4020,-1.84
069540,빛과전자,KOSDAQ,592,-1.85
053700,삼보모터스,KOSDAQ,6420,-1.86
363280,티와이홀딩스,KOSPI,2740,-1.86
192440,슈피겐코리아,KOSDAQ,22050,-1.87
031510,오스템,KOSDAQ,1070,-1.87
035000,HS애드,KOSPI,8760,-1.87
425420,티에프이,KOSDAQ,36400,-1.88
128660,피제이메탈,KOSDAQ,2790,-1.88
276730,한울앤제주,KOSDAQ,1323,-1.88
001460,BYC,KOSPI,42100,-1.89
054920,한컴위드,KOSDAQ,4410,-1.89
003490,대한항공,KOSPI,22550,-1.89
005385,현대차우,KOSPI,206000,-1.89
034950,한국기업평가,KOSDAQ,99300,-1.9
011370,서한,KOSDAQ,902,-1.9
014440,영보화학,KOSPI,4830,-1.9
058450,한주에이알티,KOSDAQ,796,-1.91
217270,넵튠,KOSDAQ,5130,-1.91
079970,투비소프트,KOSDAQ,596,-1.91
175140,휴먼테크놀로지,KOSDAQ,4115,-1.92
275630,에스에스알,KOSDAQ,2810,-1.92
005880,대한해운,KOSPI,1757,-1.93
005320,온타이드,KOSPI,456,-1.93
002200,한국수출포장,KOSPI,3120,-1.93
147760,피엠티,KOSDAQ,2800,-1.93
088260,이리츠코크렙,KOSPI,4600,-1.93
294870,IPARK현대산업개발,KOSPI,21900,-1.95
008870,금비,KOSPI,51700,-1.95
036630,세종텔레콤,KOSDAQ,9910,-1.95
073540,에프알텍,KOSDAQ,2030,-1.96
066980,한성크린텍,KOSDAQ,1223,-1.96
317240,TS트릴리온,KOSDAQ,303,-1.97
034120,SBS,KOSPI,18700,-1.97
101530,해태제과식품,KOSPI,6700,-1.97
025870,신라에스지,KOSDAQ,5360,-1.98
007280,한국특강,KOSPI,1475,-1.98
126640,화신정공,KOSDAQ,1288,-1.98
013990,아가방컴퍼니,KOSDAQ,4485,-1.99
012690,모나리자,KOSPI,2130,-1.99
172670,에이엘티,KOSDAQ,12930,-1.99
100590,머큐리,KOSDAQ,3030,-2.0
063760,이엘피,KOSDAQ,2415,-2.0
067280,멀티캠퍼스,KOSDAQ,31000,-2.0
017000,신원종합개발,KOSDAQ,3225,-2.0
302550,리메드,KOSDAQ,3070,-2.01
088790,진도,KOSPI,2000,-2.01
357250,미래에셋맵스리츠,KOSPI,2625,-2.01
067080,대화제약,KOSDAQ,17430,-2.01
027830,대성창투,KOSDAQ,1578,-2.01
023000,삼원강재,KOSPI,2400,-2.02
263810,상신전자,KOSDAQ,3085,-2.02
083930,아바코,KOSDAQ,13660,-2.02
033920,무학,KOSPI,9450,-2.03
161000,애경케미칼,KOSPI,9500,-2.04
475580,에이럭스,KOSDAQ,11150,-2.04
252990,샘씨엔에스,KOSDAQ,6730,-2.04
129890,앱코,KOSDAQ,1070,-2.04
096690,에이루트,KOSDAQ,1930,-2.04
007720,소노스퀘어,KOSDAQ,647,-2.05
360350,코셈,KOSDAQ,6850,-2.05
003555,LG우,KOSPI,66500,-2.06
109960,앱토크롬,KOSDAQ,250,-2.06
381970,케이카,KOSPI,16030,-2.07
006910,보성파워텍,KOSDAQ,5210,-2.07
005257,녹십자홀딩스2우,KOSPI,26350,-2.07
301300,바이브컴퍼니,KOSDAQ,3360,-2.07
032680,소프트센,KOSDAQ,310,-2.07
043590,웰킵스하이텍,KOSDAQ,610,-2.08
261780,차백신연구소,KOSDAQ,2825,-2.08
080010,이상네트웍스,KOSDAQ,7010,-2.08
201490,미투온,KOSDAQ,3610,-2.08
066360,체리부로,KOSDAQ,752,-2.08
003220,대원제약,KOSPI,11950,-2.09
006050,국영지앤엠,KOSDAQ,1311,-2.09
001260,남광토건,KOSPI,8290,-2.1
078890,가온그룹,KOSDAQ,5830,-2.1
256630,포인트엔지니어링,KOSDAQ,1060,-2.1
101930,인화정공,KOSDAQ,46200,-2.1
309960,LB인베스트먼트,KOSDAQ,5520,-2.1
012170,아센디오,KOSPI,1691,-2.11
108675,LX하우시스우,KOSPI,16980,-2.11
00806K,대덕1우,KOSPI,9170,-2.11
115480,씨유메디칼,KOSDAQ,550,-2.12
290690,소룩스,KOSDAQ,4560,-2.12
200350,아티스트스튜디오,KOSDAQ,5670,-2.12
067390,아스트,KOSDAQ,587,-2.13
002700,신일전자,KOSPI,1308,-2.13
017390,서울가스,KOSPI,62700,-2.13
003070,코오롱글로벌,KOSPI,9080,-2.13
039290,인포뱅크,KOSDAQ,5940,-2.14
007530,와이엠,KOSDAQ,2520,-2.14
224110,에이텍모빌리티,KOSDAQ,9550,-2.14
006740,블루산업개발,KOSPI,789,-2.14
024060,흥구석유,KOSDAQ,11860,-2.15
222110,팬젠,KOSDAQ,5600,-2.15
110020,전진바이오팜,KOSDAQ,2520,-2.15
019210,와이지-원,KOSDAQ,5300,-2.15
153490,우리이앤엘하루틴,KOSDAQ,685,-2.15
002920,유성기업,KOSPI,2220,-2.16
008060,대덕,KOSPI,10470,-2.16
027710,팜스토리,KOSDAQ,1146,-2.16
084990,헬릭스미스,KOSDAQ,6220,-2.16
004270,남성,KOSPI,878,-2.17
297570,알로이스,KOSDAQ,1121,-2.17
053160,프리엠스,KOSDAQ,6790,-2.17
090410,덕신이피씨,KOSDAQ,1307,-2.17
282330,BGF리테일,KOSPI,104800,-2.17
009180,한솔로지스틱스,KOSPI,2765,-2.17
331380,포커스에이아이,KOSDAQ,2780,-2.18
002630,오리엔트바이오,KOSPI,601,-2.19
464440,한국제13호스팩,KOSDAQ,2105,-2.19
028670,팬오션,KOSPI,3850,-2.19
279600,미디어젠,KOSDAQ,7070,-2.19
298020,효성티앤씨,KOSPI,222500,-2.19
166480,코아스템켐온,KOSDAQ,1848,-2.2
050860,아세아텍,KOSDAQ,1888,-2.2
013030,하이록코리아,KOSDAQ,30750,-2.2
105560,KB금융,KOSPI,124700,-2.2
086820,바이오솔루션,KOSDAQ,7910,-2.2
008420,문배철강,KOSPI,2090,-2.2
035200,프럼파스트,KOSDAQ,3720,-2.21
405100,큐알티,KOSDAQ,15900,-2.21
053610,프로텍,KOSDAQ,34150,-2.22
033200,모아텍,KOSDAQ,3220,-2.22
033130,디지틀조선,KOSDAQ,1700,-2.22
163560,동일고무벨트,KOSPI,6870,-2.22
024120,KB오토시스,KOSDAQ,3640,-2.23
215000,골프존,KOSDAQ,57800,-2.23
140430,카티스,KOSDAQ,861,-2.24
123860,아나패스,KOSDAQ,17350,-2.24
002450,삼익악기,KOSPI,1240,-2.25
095610,테스,KOSDAQ,44550,-2.25
108320,LX세미콘,KOSPI,49150,-2.25
33637L,솔루스첨단소재2우B,KOSPI,3615,-2.25
091340,S&K폴리텍,KOSDAQ,2300,-2.25
006125,SK디스커버리우,KOSPI,38850,-2.25
005800,신영와코루,KOSPI,16500,-2.25
420770,기가비스,KOSDAQ,31500,-2.25
044960,이글벳,KOSDAQ,4185,-2.26
376290,씨유테크,KOSDAQ,3050,-2.26
335810,프리시젼바이오,KOSDAQ,2655,-2.26
452190,한빛레이저,KOSDAQ,4740,-2.28
102460,이연제약,KOSPI,10780,-2.28
053350,이니텍,KOSDAQ,4090,-2.28
340810,시선AI,KOSDAQ,2815,-2.28
069260,TKG휴켐스,KOSPI,18940,-2.28
474930,신한제13호스팩,KOSDAQ,2145,-2.29
071840,롯데하이마트,KOSPI,7550,-2.29
037330,인지디스플레,KOSDAQ,1415,-2.31
007310,오뚜기,KOSPI,385000,-2.31
001685,대상우,KOSPI,17040,-2.31
220180,핸디소프트,KOSDAQ,2005,-2.32
016590,신대양제지,KOSPI,13110,-2.32
293490,카카오게임즈,KOSDAQ,14900,-2.32
015860,일진홀딩스,KOSPI,6740,-2.32
002310,아세아제지,KOSPI,7970,-2.32
042600,새로닉스,KOSDAQ,11800,-2.33
049180,셀루메드,KOSDAQ,1154,-2.33
406820,뷰티스킨,KOSDAQ,4527,-2.33
002150,도화엔지니어링,KOSPI,6380,-2.34
051900,LG생활건강,KOSPI,258500,-2.34
078520,에이블씨엔씨,KOSPI,10470,-2.34
002760,보락,KOSPI,1047,-2.34
357430,마스턴프리미어리츠,KOSPI,1647,-2.34
065130,탑엔지니어링,KOSDAQ,3265,-2.34
258790,소프트캠프,KOSDAQ,1456,-2.35
005870,휴니드,KOSPI,7640,-2.35
021650,한국큐빅,KOSDAQ,2320,-2.36
000270,기아,KOSPI,121800,-2.36
000660,SK하이닉스,KOSPI,651000,-2.36
024940,PN풍년,KOSDAQ,5730,-2.36
020000,한섬,KOSPI,16000,-2.36
004540,깨끗한나라,KOSPI,1901,-2.36
001000,신라섬유,KOSDAQ,2030,-2.36
003830,대한화섬,KOSPI,117200,-2.37
456010,아이씨티케이,KOSDAQ,16530,-2.37
010170,대한광통신,KOSDAQ,2132,-2.37
084870,TBH글로벌,KOSPI,1210,-2.37
205500,넥써쓰,KOSDAQ,1947,-2.37
321820,아티스트컴퍼니,KOSDAQ,4050,-2.38
013810,스페코,KOSDAQ,2365,-2.38
198940,한주라이트메탈,KOSDAQ,643,-2.38
009290,광동제약,KOSPI,5860,-2.38
004360,세방,KOSPI,14420,-2.38
000240,한국앤컴퍼니,KOSPI,26150,-2.38
109740,디에스케이,KOSDAQ,7120,-2.39
010640,진양폴리,KOSPI,3022,-2.39
021080,에이티넘인베스트,KOSDAQ,2870,-2.39
208640,썸에이지,KOSDAQ,263,-2.4
214260,라파스,KOSDAQ,13100,-2.4
076610,해성옵틱스,KOSDAQ,641,-2.4
027050,코리아나,KOSDAQ,2310,-2.41
210540,디와이파워,KOSPI,13430,-2.41
053270,구영테크,KOSDAQ,2060,-2.41
290270,휴네시온,KOSDAQ,3755,-2.41
011390,부산산업,KOSPI,77700,-2.41
083310,엘오티베큠,KOSDAQ,12400,-2.41
024110,기업은행,KOSPI,20950,-2.42
452280,한선엔지니어링,KOSDAQ,8540,-2.43
023160,태광,KOSDAQ,21700,-2.43
000430,대원강업,KOSPI,3865,-2.43
265520,AP시스템,KOSDAQ,19370,-2.43
073190,듀오백,KOSDAQ,1577,-2.43
127120,제이에스링크,KOSDAQ,17850,-2.44
100660,서암기계공업,KOSDAQ,4490,-2.44
052460,아이크래프트,KOSDAQ,2645,-2.44
950200,소마젠,KOSDAQ,3880,-2.44
003230,삼양식품,KOSPI,1231000,-2.45
168330,내츄럴엔도텍,KOSDAQ,3100,-2.45
014130,한익스프레스,KOSPI,3045,-2.46
032580,피델릭스,KOSDAQ,1104,-2.46
482690,대신밸런스제19호스팩,KOSDAQ,2160,-2.46
00499K,롯데지주우,KOSPI,27200,-2.46
065420,에스아이리소스,KOSDAQ,252,-2.46
001070,대한방직,KOSPI,6420,-2.47
007815,코리아써우,KOSPI,14000,-2.47
032540,TJ미디어,KOSDAQ,3754,-2.47
060980,HL홀딩스,KOSPI,44850,-2.47
011560,세보엠이씨,KOSDAQ,13860,-2.48
004890,동일산업,KOSPI,39200,-2.48
378850,화승알앤에이,KOSPI,3270,-2.49
488060,유진스팩11호,KOSDAQ,2040,-2.49
039310,세중,KOSDAQ,1354,-2.49
403490,우듬지팜,KOSDAQ,1542,-2.49
195500,마니커에프앤지,KOSDAQ,2830,-2.49
033050,제이엠아이,KOSDAQ,821,-2.49
014990,인디에프,KOSPI,870,-2.5
064480,브리지텍,KOSDAQ,4675,-2.5
039840,디오,KOSDAQ,16890,-2.51
038390,레드캡투어,KOSDAQ,11480,-2.51
053800,안랩,KOSDAQ,60100,-2.51
232140,와이씨,KOSDAQ,14480,-2.52
016740,두올,KOSPI,3650,-2.52
248170,샘표식품,KOSPI,28400,-2.53
091810,트리니티항공,KOSPI,1381,-2.53
950190,고스트스튜디오,KOSDAQ,8690,-2.53
091970,나노캠텍,KOSDAQ,600,-2.53
046970,우리로,KOSDAQ,1245,-2.53
086790,하나금융지주,KOSPI,94100,-2.54
036890,진성티이씨,KOSDAQ,13510,-2.54
041190,우리기술투자,KOSDAQ,7360,-2.54
109860,동일금속,KOSDAQ,7930,-2.54
005030,부산주공,KOSPI,486,-2.55
241840,에이스토리,KOSDAQ,7180,-2.55
003010,혜인,KOSPI,5310,-2.55
317400,자이에스앤디,KOSPI,4400,-2.55
003160,디아이,KOSPI,21350,-2.56
052400,코나아이,KOSDAQ,45400,-2.56
058470,리노공업,KOSDAQ,60300,-2.56
177830,파버나인,KOSDAQ,2870,-2.56
002620,제일파마홀딩스,KOSPI,8040,-2.57
176750,듀켐바이오,KOSDAQ,9520,-2.57
016250,SGC E&C,KOSDAQ,14950,-2.57
065770,CS,KOSDAQ,776,-2.57
013580,계룡건설,KOSPI,20350,-2.57
036170,에이치엠넥스,KOSDAQ,838,-2.58
001230,동국홀딩스,KOSPI,7450,-2.59
011780,금호석유화학,KOSPI,120700,-2.59
007110,일신석재,KOSPI,1656,-2.59
093240,형지엘리트,KOSPI,1698,-2.59
108670,LX하우시스,KOSPI,28800,-2.6
044780,에이치케이,KOSDAQ,1350,-2.6
100250,진양홀딩스,KOSPI,3065,-2.6
003200,일신방직,KOSPI,12420,-2.6
063440,SM Life Design,KOSDAQ,1885,-2.61
196700,웹스,KOSDAQ,2135,-2.61
269620,시스웍,KOSDAQ,889,-2.61
006800,미래에셋증권,KOSPI,23249,-2.62
237880,클리오,KOSDAQ,13030,-2.62
088910,동우팜투테이블,KOSDAQ,2080,-2.62
004060,SG세계물산,KOSPI,339,-2.62
159580,제로투세븐,KOSDAQ,3975,-2.63
067900,와이엔텍,KOSDAQ,6630,-2.63
100220,비상교육,KOSPI,4895,-2.63
267290,경동도시가스,KOSPI,20600,-2.63
043650,국순당,KOSDAQ,4135,-2.63
002600,조흥,KOSPI,160000,-2.64
004835,덕성우,KOSPI,7380,-2.64
489730,디비금융제13호스팩,KOSDAQ,2030,-2.65
063570,NICE인프라,KOSDAQ,4150,-2.65
013870,지엠비코리아,KOSPI,4000,-2.65
440290,HB인베스트먼트,KOSDAQ,2140,-2.65
002070,비비안,KOSPI,627,-2.65
005820,원림,KOSPI,14900,-2.66
089150,케이씨티,KOSDAQ,2795,-2.66
045390,대아티아이,KOSDAQ,4105,-2.66
033830,티비씨,KOSDAQ,611,-2.66
046210,HLB파나진,KOSDAQ,1736,-2.67
042370,비츠로테크,KOSDAQ,8920,-2.67
155660,DSR,KOSPI,3905,-2.67
270870,뉴트리,KOSDAQ,5130,-2.67
189980,흥국에프엔비,KOSDAQ,1610,-2.67
017650,대림제지,KOSDAQ,8090,-2.67
222040,코스맥스엔비티,KOSDAQ,3500,-2.67
104200,NHN벅스,KOSDAQ,3000,-2.67
303530,이노뎁,KOSDAQ,5520,-2.67
005380,현대차,KOSPI,296500,-2.68
032820,우리기술,KOSDAQ,3640,-2.68
079980,휴비스,KOSPI,2670,-2.68
011090,에넥스,KOSPI,546,-2.68
193250,링크드,KOSDAQ,410,-2.68
215600,신라젠,KOSDAQ,3505,-2.69
048910,대원미디어,KOSDAQ,7900,-2.69
323410,카카오뱅크,KOSPI,21600,-2.69
013360,일성건설,KOSPI,2220,-2.69
075180,새론오토모티브,KOSPI,3370,-2.7
286750,나노실리칸첨단소재,KOSDAQ,1800,-2.7
036000,예림당,KOSDAQ,3270,-2.7
032940,원익,KOSDAQ,10580,-2.71
016600,큐캐피탈,KOSDAQ,246,-2.72
222420,쎄노텍,KOSDAQ,835,-2.72
397030,에이프릴바이오,KOSDAQ,54900,-2.72
263020,디케이앤디,KOSDAQ,3025,-2.73
078150,HB테크놀러지,KOSDAQ,1857,-2.73
024840,KBI메탈,KOSDAQ,1744,-2.73
019175,신풍제약우,KOSPI,23500,-2.73
465770,STX그린로지스,KOSPI,5660,-2.74
104040,디에스엠,KOSDAQ,718,-2.74
000050,경방,KOSPI,9360,-2.74
011420,갤럭시아에스엠,KOSPI,1912,-2.74
038620,위즈코프,KOSDAQ,594,-2.75
043710,서울리거,KOSDAQ,815,-2.75
173940,에프엔씨엔터,KOSDAQ,4125,-2.75
018000,유니슨,KOSDAQ,1201,-2.76
067990,도이치모터스,KOSDAQ,4395,-2.76
092300,현우산업,KOSDAQ,3200,-2.76
115450,HLB테라퓨틱스,KOSDAQ,2858,-2.76
169330,엠브레인,KOSDAQ,1887,-2.77
002780,진흥기업,KOSPI,744,-2.77
006380,카프로,KOSPI,3660,-2.77
052860,아이앤씨,KOSDAQ,2545,-2.77
446540,메가터치,KOSDAQ,3530,-2.77
009240,한샘,KOSPI,46150,-2.77
035080,그래디언트,KOSDAQ,11410,-2.77
065500,오리엔트정공,KOSDAQ,2400,-2.77
058970,엠로,KOSDAQ,37350,-2.78
308170,씨티알모빌리티,KOSPI,6820,-2.78
267260,HD현대일렉트릭,KOSPI,774000,-2.78
278280,천보,KOSDAQ,49150,-2.78
161890,한국콜마,KOSPI,62100,-2.78
00680K,미래에셋증권2우B,KOSPI,10994,-2.78
117580,대성에너지,KOSPI,8040,-2.78
475240,하나32호스팩,KOSDAQ,2120,-2.79
003530,한화투자증권,KOSPI,4695,-2.8
006880,신송홀딩스,KOSPI,6890,-2.8
040610,SG&G,KOSDAQ,1805,-2.8
009835,한화솔루션우,KOSPI,21250,-2.8
033340,좋은사람들,KOSDAQ,1678,-2.8
003100,선광,KOSDAQ,19330,-2.81
028050,삼성E&A,KOSPI,24050,-2.81
067770,세진티에스,KOSDAQ,2280,-2.81
064350,현대로템,KOSPI,187900,-2.81
016380,KG스틸,KOSPI,5350,-2.81
214610,롤링스톤,KOSDAQ,3605,-2.81
196490,디에이테크놀로지,KOSDAQ,203,-2.81
036090,위지트,KOSDAQ,616,-2.82
304840,피플바이오,KOSDAQ,1069,-2.82
097955,CJ제일제당 우,KOSPI,138000,-2.82
214420,토니모리,KOSPI,8390,-2.83
106080,케이이엠텍,KOSDAQ,4445,-2.83
021880,메이슨캐피탈,KOSDAQ,247,-2.84
377190,디앤디플랫폼리츠,KOSPI,3380,-2.84
019170,신풍제약,KOSPI,14040,-2.85
33626K,두산퓨얼셀1우,KOSPI,6860,-2.85
026890,스틱인베스트먼트,KOSPI,9380,-2.85
010470,오리콤,KOSDAQ,5930,-2.85
051905,LG생활건강우,KOSPI,113400,-2.85
049080,기가레인,KOSDAQ,511,-2.85
093640,케이알엠,KOSDAQ,3810,-2.86
136480,하림,KOSDAQ,3015,-2.86
083450,GST,KOSDAQ,28850,-2.86
010280,아이티센엔텍,KOSDAQ,971,-2.87
288620,에스퓨얼셀,KOSDAQ,10450,-2.87
010820,퍼스텍,KOSPI,3880,-2.88
066670,디티씨,KOSDAQ,3400,-2.88
067290,JW신약,KOSDAQ,2130,-2.88
010770,평화홀딩스,KOSPI,3790,-2.88
330860,네패스아크,KOSDAQ,17000,-2.88
031330,에스에이엠티,KOSDAQ,4150,-2.89
048430,유라테크,KOSDAQ,7910,-2.89
002460,HS화성,KOSPI,11960,-2.89
007120,미래아이앤지,KOSPI,920,-2.89
014970,삼륭물산,KOSDAQ,7530,-2.89
002420,세기상사,KOSPI,5380,-2.9
217330,싸이토젠,KOSDAQ,8990,-2.9
352700,씨앤투스,KOSDAQ,2350,-2.9
206560,덱스터,KOSDAQ,3985,-2.9
023800,인지컨트롤스,KOSPI,6410,-2.9
111380,동인기연,KOSPI,13730,-2.91
216080,제테마,KOSDAQ,6120,-2.91
039570,HDC랩스,KOSPI,8440,-2.91
008290,원풍물산,KOSDAQ,462,-2.91
299030,하나기술,KOSDAQ,26800,-2.91
077500,유니퀘스트,KOSPI,6600,-2.91
045300,성우테크론,KOSDAQ,2935,-2.92
038500,삼표시멘트,KOSDAQ,4990,-2.92
244460,올리패스,KOSDAQ,1651,-2.92
412540,제일엠앤에스,KOSDAQ,3935,-2.92
005305,롯데칠성우,KOSPI,80000,-2.92
352090,스톰테크,KOSDAQ,3640,-2.93
318160,셀바이오휴먼텍,KOSDAQ,8170,-2.93
004430,송원산업,KOSPI,9050,-2.93
047920,HLB제약,KOSDAQ,16040,-2.93
006360,GS건설,KOSPI,19700,-2.94
071200,인피니트헬스케어,KOSDAQ,5950,-2.94
011320,유니크,KOSDAQ,4300,-2.95
281820,케이씨텍,KOSPI,39650,-2.95
336680,탑런토탈솔루션,KOSDAQ,4045,-2.95
046940,우원개발,KOSDAQ,3530,-2.95
950170,JTC,KOSDAQ,3820,-2.95
091440,한울소재과학,KOSDAQ,2940,-2.96
100090,SK오션플랜트,KOSPI,20250,-2.96
256940,킵스파마,KOSDAQ,10400,-2.96
203450,유니온바이오메트릭스,KOSDAQ,3115,-2.96
137080,나래나노텍,KOSDAQ,3940,-2.96
044180,KD,KOSDAQ,614,-2.97
036690,코맥스,KOSDAQ,2885,-2.97
094970,제이엠티,KOSDAQ,2690,-2.97
042000,카페24,KOSDAQ,30150,-2.97
020120,키다리스튜디오,KOSPI,3395,-2.97
038010,제일테크노스,KOSDAQ,5840,-2.97
108860,셀바스AI,KOSDAQ,12200,-2.98
047040,대우건설,KOSPI,3820,-2.98
353200,대덕전자,KOSPI,47100,-2.99
009620,삼보산업,KOSDAQ,1667,-2.99
074610,이엔플러스,KOSPI,5110,-2.99
232830,아이티센피엔에스,KOSDAQ,2440,-2.99
023790,동일스틸럭스,KOSDAQ,1523,-3.0
073560,우리손에프앤지,KOSDAQ,1510,-3.0
067730,로지시스,KOSDAQ,2665,-3.0
067570,엔브이에이치코리아,KOSDAQ,2225,-3.01
225220,제놀루션,KOSDAQ,1899,-3.01
052900,KX하이텍,KOSDAQ,906,-3.01
105740,디케이락,KOSDAQ,9700,-3.02
215100,로보로보,KOSDAQ,7740,-3.02
065440,이루온,KOSDAQ,1443,-3.02
138040,메리츠금융지주,KOSPI,113100,-3.03
031430,신세계인터내셔날,KOSPI,10950,-3.03
322780,코퍼스코리아,KOSDAQ,879,-3.03
302430,이노메트리,KOSDAQ,7070,-3.03
004140,동방,KOSPI,2555,-3.04
333050,이노테나,KOSDAQ,1294,-3.04
131970,두산테스나,KOSDAQ,53200,-3.05
066910,손오공,KOSDAQ,598,-3.06
348370,엔켐,KOSDAQ,62900,-3.06
096770,SK이노베이션,KOSPI,101200,-3.06
088350,한화생명,KOSPI,3255,-3.06
011080,형지I&C,KOSDAQ,722,-3.07
039440,에스티아이,KOSDAQ,30450,-3.07
003620,KG모빌리티,KOSPI,3500,-3.07
100120,뷰웍스,KOSDAQ,19610,-3.08
053260,금강철강,KOSDAQ,3970,-3.08
100700,세운메디칼,KOSDAQ,2435,-3.08
214330,금호에이치티,KOSPI,532,-3.08
353190,휴럼,KOSDAQ,684,-3.08
017550,수산세보틱스,KOSPI,1646,-3.09
064090,인크레더블버즈,KOSDAQ,1309,-3.09
075580,세진중공업,KOSPI,17400,-3.09
317530,에피소드컴퍼니,KOSDAQ,4975,-3.09
033540,파라텍,KOSDAQ,1107,-3.1
005810,풍산홀딩스,KOSPI,37500,-3.1
014280,금강공업,KOSPI,6060,-3.1
288980,모아데이타,KOSDAQ,1006,-3.1
009970,영원무역홀딩스,KOSPI,191500,-3.11
306040,에스제이그룹,KOSDAQ,9160,-3.11
117730,티로보틱스,KOSDAQ,20250,-3.11
056090,시지메드텍,KOSDAQ,1168,-3.11
003120,일성아이에스,KOSPI,21800,-3.12
226950,올릭스,KOSDAQ,140400,-3.12
092070,디엔에프,KOSDAQ,15620,-3.12
264450,유비쿼스,KOSDAQ,9700,-3.12
101680,한국정밀기계,KOSDAQ,2275,-3.13
239890,피엔에이치테크,KOSDAQ,4805,-3.13
053950,경남제약,KOSDAQ,678,-3.13
451800,한화리츠,KOSPI,4145,-3.13
170030,현대공업,KOSDAQ,6140,-3.13
000720,현대건설,KOSPI,70100,-3.13
001360,삼성제약,KOSPI,1530,-3.14
359090,씨엔알리서치,KOSDAQ,900,-3.14
050110,캠시스,KOSDAQ,2277,-3.14
389500,에스비비테크,KOSDAQ,36150,-3.14
450330,하스,KOSDAQ,6270,-3.14
036190,금화피에스시,KOSDAQ,29850,-3.14
025540,한국단자,KOSPI,67300,-3.14
295310,에이치브이엠,KOSDAQ,58900,-3.15
452300,캡스톤파트너스,KOSDAQ,2765,-3.15
039240,경남스틸,KOSDAQ,2740,-3.15
083790,CG인바이츠,KOSDAQ,1487,-3.15
008250,이건산업,KOSPI,4690,-3.16
090080,평화산업,KOSPI,941,-3.16
053450,세코닉스,KOSDAQ,5350,-3.16
012280,영화금속,KOSPI,950,-3.17
004105,태양금속우,KOSPI,3410,-3.17
035290,골드앤에스,KOSDAQ,636,-3.17
206400,베노티앤알,KOSDAQ,1626,-3.17
297090,씨에스베어링,KOSDAQ,6040,-3.18
017480,삼현철강,KOSDAQ,4525,-3.18
053290,NE능률,KOSDAQ,1800,-3.18
439090,마녀공장,KOSDAQ,13690,-3.19
003495,대한항공우,KOSPI,23850,-3.19
095570,AJ네트웍스,KOSPI,4660,-3.19
068330,일신바이오,KOSDAQ,1611,-3.19
051490,나라엠앤디,KOSDAQ,3890,-3.19
000725,현대건설우,KOSPI,55300,-3.2
214450,파마리서치,KOSDAQ,403000,-3.2
071670,에이테크솔루션,KOSDAQ,10310,-3.2
308080,바이젠셀,KOSDAQ,9750,-3.2
250060,모비스,KOSDAQ,3825,-3.2
215380,우정바이오,KOSDAQ,1761,-3.21
339950,아이비김영,KOSDAQ,1946,-3.21
093920,서원인텍,KOSDAQ,5430,-3.21
000215,DL우,KOSPI,23550,-3.21
005090,SGC에너지,KOSPI,21950,-3.21
067830,세이브존I&C,KOSPI,3220,-3.21
052020,에스티큐브,KOSDAQ,8200,-3.22
330590,롯데리츠,KOSPI,3960,-3.22
005725,넥센우,KOSPI,4495,-3.23
112610,씨에스윈드,KOSPI,41600,-3.23
025890,한국주강,KOSPI,1805,-3.23
068760,셀트리온제약,KOSDAQ,58000,-3.23
393210,토마토시스템,KOSDAQ,5140,-3.24
041460,한국전자인증,KOSDAQ,3725,-3.24
094860,네오리진,KOSDAQ,1000,-3.24
003240,태광산업,KOSPI,762000,-3.24
237820,플레이디,KOSDAQ,4610,-3.24
314130,지놈앤컴퍼니,KOSDAQ,6880,-3.25
00279K,아모레퍼시픽홀딩스3우C,KOSPI,21650,-3.25
317850,대모,KOSDAQ,7970,-3.26
002140,고려산업,KOSPI,2540,-3.27
066590,스모트로닉,KOSDAQ,2400,-3.27
262840,아이퀘스트,KOSDAQ,1828,-3.27
092040,아미코젠,KOSDAQ,1782,-3.27
013890,지누스,KOSPI,13000,-3.28
003350,한국화장품제조,KOSPI,9780,-3.28
042040,케이피엠테크,KOSDAQ,214,-3.29
016710,대성홀딩스,KOSPI,8610,-3.29
217190,제너셈,KOSDAQ,5110,-3.29
025860,남해화학,KOSPI,6660,-3.3
000970,한국주철관,KOSPI,7060,-3.3
290120,DH오토리드,KOSDAQ,2460,-3.3
191420,테고사이언스,KOSDAQ,16300,-3.31
019685,대교우B,KOSPI,1235,-3.31
388050,지투파워,KOSDAQ,7980,-3.31
080520,오디텍,KOSDAQ,3170,-3.31
336260,두산퓨얼셀,KOSPI,28850,-3.31
008700,아남전자,KOSPI,1318,-3.32
119830,아이텍,KOSDAQ,5570,-3.32
003475,유안타증권우,KOSPI,3745,-3.32
900300,오가닉티코스메틱,KOSDAQ,237,-3.32
064290,인텍플러스,KOSDAQ,12980,-3.32
089590,제주항공,KOSPI,5410,-3.32
033230,인성정보,KOSDAQ,1794,-3.32
124560,태웅로직스,KOSDAQ,2660,-3.33
009320,아진전자부품,KOSPI,920,-3.33
128820,대성산업,KOSPI,7180,-3.33
220100,퓨쳐켐,KOSDAQ,30850,-3.33
006120,SK디스커버리,KOSPI,57800,-3.33
097230,HJ중공업,KOSPI,21050,-3.33
040300,YTN,KOSDAQ,3735,-3.33
018680,서울제약,KOSDAQ,3080,-3.33
028100,동아지질,KOSPI,17250,-3.33
009470,삼화전기,KOSPI,29250,-3.34
227950,엔투텍,KOSDAQ,330,-3.34
377740,바이오노트,KOSPI,5470,-3.34
046120,오르비텍,KOSDAQ,3830,-3.34
007700,F&F홀딩스,KOSPI,18690,-3.34
009160,SIMPAC,KOSPI,5100,-3.34
091590,남화토건,KOSDAQ,4045,-3.34
115570,스타플렉스,KOSDAQ,3280,-3.34
019540,일지테크,KOSDAQ,4195,-3.35
002020,코오롱,KOSPI,50000,-3.35
171010,램테크놀러지,KOSDAQ,3900,-3.35
123040,엠에스오토텍,KOSDAQ,2105,-3.35
001500,현대차증권,KOSPI,7920,-3.35
017900,광전자,KOSPI,1802,-3.36
227610,아우딘퓨쳐스,KOSDAQ,795,-3.36
058820,CMG제약,KOSDAQ,1858,-3.36
180400,DXVX,KOSDAQ,3140,-3.36
352770,셀레스트라,KOSDAQ,5250,-3.37
025900,동화기업,KOSDAQ,8470,-3.37
035610,솔본,KOSDAQ,3645,-3.37
071970,HD현대마린엔진,KOSPI,89500,-3.37
042700,한미반도체,KOSPI,127400,-3.37
003960,사조대림,KOSPI,37250,-3.37
003300,한일홀딩스,KOSPI,16380,-3.37
037950,엘컴텍,KOSDAQ,790,-3.37
003690,코리안리,KOSPI,11540,-3.37
094840,슈프리마에이치큐,KOSDAQ,6810,-3.37
028080,휴맥스홀딩스,KOSDAQ,1653,-3.38
247540,에코프로비엠,KOSDAQ,146600,-3.38
094170,동운아나텍,KOSDAQ,28700,-3.38
023600,삼보판지,KOSDAQ,9670,-3.38
026040,제이에스티나,KOSDAQ,3140,-3.38
000860,강남제비스코,KOSPI,12850,-3.38
464280,티디에스팜,KOSDAQ,9850,-3.38
038290,마크로젠,KOSDAQ,16870,-3.39
000700,유수홀딩스,KOSPI,5820,-3.39
069410,엔텔스,KOSDAQ,5080,-3.4
084180,수성웹툰,KOSDAQ,3175,-3.4
012700,리드코프,KOSDAQ,3730,-3.4
376980,원티드랩,KOSDAQ,3500,-3.41
065950,웰크론,KOSDAQ,1675,-3.41
368970,오에스피,KOSDAQ,1963,-3.41
003465,유화증권우,KOSPI,2745,-3.41
036560,KZ정밀,KOSDAQ,15070,-3.42
039030,이오테크닉스,KOSDAQ,272000,-3.42
179290,엠아이텍,KOSDAQ,6770,-3.42
101730,위메이드맥스,KOSDAQ,6160,-3.43
192080,더블유게임즈,KOSPI,53600,-3.43
348340,뉴로메카,KOSDAQ,32900,-3.43
016920,카스,KOSDAQ,1078,-3.43
081580,성우전자,KOSDAQ,2200,-3.44
002790,아모레퍼시픽홀딩스,KOSPI,26850,-3.44
065170,비엘팜텍,KOSDAQ,548,-3.44
285490,노바텍,KOSDAQ,20050,-3.44
293940,신한알파리츠,KOSPI,5590,-3.44
256150,한독크린텍,KOSDAQ,5530,-3.44
031440,신세계푸드,KOSPI,47900,-3.45
138930,BNK금융지주,KOSPI,15870,-3.46
285800,진영,KOSDAQ,1616,-3.47
004690,삼천리,KOSPI,128500,-3.47
127980,화인써키트,KOSDAQ,6000,-3.47
005945,NH투자증권우,KOSPI,19570,-3.47
057030,YBM넷,KOSDAQ,3055,-3.48
378340,필에너지,KOSDAQ,12250,-3.48
006040,동원산업,KOSPI,41900,-3.49
100130,동국S&C,KOSDAQ,2040,-3.49
027410,BGF,KOSPI,3920,-3.49
225570,넥슨게임즈,KOSDAQ,12010,-3.49
250000,보라티알,KOSDAQ,7960,-3.49
023770,플레이위드,KOSDAQ,2995,-3.49
089850,유비벨록스,KOSDAQ,5320,-3.5
092460,한라IMS,KOSDAQ,17000,-3.5
079430,현대리바트,KOSPI,6890,-3.5
058650,세아홀딩스,KOSPI,144000,-3.5
347890,엠엑스온,KOSDAQ,6420,-3.5
299170,더블유에스아이,KOSDAQ,2935,-3.51
009680,모토닉,KOSPI,10400,-3.51
006140,피제이전자,KOSDAQ,5690,-3.51
006405,삼성SDI우,KOSPI,160600,-3.51
308100,형지글로벌,KOSDAQ,1328,-3.51
051380,피씨디렉트,KOSDAQ,2025,-3.51
318410,비비씨,KOSDAQ,7800,-3.52
019570,플루토스,KOSDAQ,270,-3.52
203650,드림시큐리티,KOSDAQ,1645,-3.52
189690,포시에스,KOSDAQ,2110,-3.53
037460,삼지전자,KOSDAQ,14740,-3.53
290650,엘앤씨바이오,KOSDAQ,61100,-3.53
000155,두산우,KOSPI,470000,-3.53
052220,iMBC,KOSDAQ,3055,-3.54
365900,브이씨,KOSDAQ,2685,-3.55
195990,에이비프로바이오,KOSDAQ,2226,-3.55
090355,노루페인트우,KOSPI,13620,-3.55
091120,이엠텍,KOSDAQ,8090,-3.56
092220,KEC,KOSPI,696,-3.56
036480,대성미생물,KOSDAQ,7300,-3.56
357550,석경에이티,KOSDAQ,70200,-3.56
227840,현대코퍼레이션홀딩스,KOSPI,12180,-3.56
148780,비큐AI,KOSDAQ,1357,-3.57
242040,나무기술,KOSDAQ,1324,-3.58
171120,라이온켐텍,KOSDAQ,2200,-3.58
420570,제이투케이바이오,KOSDAQ,8600,-3.58
011000,진원생명과학,KOSPI,1959,-3.58
058110,멕아이씨에스,KOSDAQ,1886,-3.59
012610,경인양행,KOSPI,4875,-3.6
099410,동방선기,KOSDAQ,4510,-3.6
119500,포메탈,KOSDAQ,3460,-3.61
001510,SK증권,KOSPI,643,-3.61
226330,신테카바이오,KOSDAQ,3895,-3.62
417500,제이아이테크,KOSDAQ,3150,-3.63
001540,안국약품,KOSDAQ,8460,-3.63
019660,글로본,KOSDAQ,2605,-3.63
120240,대정화금,KOSDAQ,13280,-3.63
396270,넥스트칩,KOSDAQ,4065,-3.64
059120,아진엑스텍,KOSDAQ,4602,-3.64
084010,대한제강,KOSPI,12849,-3.64
348350,위드텍,KOSDAQ,8520,-3.64
095910,에스에너지,KOSDAQ,927,-3.64
130660,한전산업,KOSPI,10420,-3.65
049550,잉크테크,KOSDAQ,3215,-3.65
900270,헝셩그룹,KOSDAQ,1981,-3.65
253590,네오셈,KOSDAQ,10960,-3.65
004970,신라교역,KOSPI,9200,-3.65
007770,한일화학,KOSDAQ,7950,-3.66
086960,MDS테크,KOSDAQ,1299,-3.66
066130,하츠,KOSDAQ,4490,-3.66
041930,동아화성,KOSDAQ,6880,-3.66
033320,제이씨현시스템,KOSDAQ,4150,-3.67
101400,엔시트론,KOSDAQ,290,-3.67
215090,솔디펜스,KOSDAQ,2335,-3.67
053210,스카이라이프,KOSPI,5030,-3.68
033170,시그네틱스,KOSDAQ,782,-3.68
084850,아이티엠반도체,KOSDAQ,9780,-3.68
052690,한전기술,KOSPI,90000,-3.68
083640,인콘,KOSDAQ,255,-3.69
036930,주성엔지니어링,KOSDAQ,27700,-3.69
223250,드림씨아이에스,KOSDAQ,6380,-3.69
140070,서플러스글로벌,KOSDAQ,2160,-3.7
002680,한탑,KOSDAQ,715,-3.7
003075,코오롱글로벌우,KOSPI,15320,-3.7
293780,압타바이오,KOSDAQ,9350,-3.7
204320,HL만도,KOSPI,58700,-3.7
034810,해성산업,KOSDAQ,8390,-3.71
015890,태경산업,KOSPI,4950,-3.71
019770,서연탑메탈,KOSDAQ,3800,-3.71
029530,신도리코,KOSPI,48600,-3.71
053580,웹케시,KOSDAQ,9750,-3.72
004020,현대제철,KOSPI,31050,-3.72
076080,웰크론한텍,KOSDAQ,1180,-3.72
006340,대원전선,KOSPI,3720,-3.72
004000,롯데정밀화학,KOSPI,44550,-3.72
182360,큐브엔터,KOSDAQ,13750,-3.72
139670,키네마스터,KOSDAQ,2600,-3.72
211050,인카금융서비스,KOSDAQ,12810,-3.73
038070,서린바이오,KOSDAQ,6510,-3.73
264900,크라운제과,KOSPI,8790,-3.73
148150,세경하이테크,KOSDAQ,5140,-3.73
900250,크리스탈신소재,KOSDAQ,705,-3.74
030520,한글과컴퓨터,KOSDAQ,22950,-3.74
298690,에어부산,KOSPI,1719,-3.74
066970,엘앤에프,KOSPI,95200,-3.75
010690,화신,KOSPI,8300,-3.76
011690,와이투솔루션,KOSPI,4145,-3.76
011760,현대코퍼레이션,KOSPI,21550,-3.77
241520,DSC인베스트먼트,KOSDAQ,7220,-3.77
086520,에코프로,KOSDAQ,90800,-3.77
039860,나노엔텍,KOSDAQ,6000,-3.77
014790,HL D&I,KOSPI,2700,-3.77
273060,와이즈버즈,KOSDAQ,885,-3.77
014160,대영포장,KOSPI,1073,-3.77
051915,LG화학우,KOSPI,166100,-3.77
365590,하이딥,KOSDAQ,2835,-3.78
418470,KT밀리의서재,KOSDAQ,13740,-3.78
007160,사조산업,KOSPI,54100,-3.78
024720,콜마홀딩스,KOSPI,9510,-3.78
311690,CJ 바이오사이언스,KOSDAQ,9320,-3.78
051160,지어소프트,KOSDAQ,7890,-3.78
032750,삼진,KOSDAQ,3760,-3.78
134580,탑코미디어,KOSDAQ,1946,-3.78
011500,한농화성,KOSPI,14800,-3.79
078000,텔코웨어,KOSPI,15320,-3.79
082210,옵트론텍,KOSDAQ,1697,-3.79
019680,대교,KOSPI,1896,-3.8
067010,이씨에스,KOSDAQ,2490,-3.81
002795,아모레퍼시픽홀딩스우,KOSPI,11990,-3.81
018620,우진비앤지,KOSDAQ,831,-3.81
185750,종근당,KOSPI,82900,-3.81
060380,동양에스텍,KOSDAQ,1518,-3.81
001470,삼부토건,KOSPI,347,-3.81
053060,세동,KOSDAQ,1281,-3.81
016450,한세예스24홀딩스,KOSPI,4160,-3.82
005690,파미셀,KOSPI,14530,-3.82
183300,코미코,KOSDAQ,88400,-3.82
216050,인크로스,KOSDAQ,6700,-3.82
004960,한신공영,KOSPI,10300,-3.82
052600,한네트,KOSDAQ,3890,-3.83
300720,한일시멘트,KOSPI,17970,-3.83
100840,SNT에너지,KOSPI,36600,-3.83
011330,유니켐,KOSPI,1264,-3.84
318000,KBG,KOSDAQ,4400,-3.84
045510,정원엔시스,KOSDAQ,894,-3.84
058630,엠게임,KOSDAQ,6360,-3.84
013720,THE CUBE&,KOSDAQ,659,-3.84
131220,대한과학,KOSDAQ,4810,-3.85
222080,씨아이에스,KOSDAQ,6650,-3.86
003030,세아제강지주,KOSPI,128100,-3.86
012160,영흥,KOSPI,489,-3.86
006840,AK홀딩스,KOSPI,8710,-3.87
041960,코미팜,KOSDAQ,7020,-3.87
036830,솔브레인홀딩스,KOSDAQ,37300,-3.87
489480,키움제11호스팩,KOSDAQ,2050,-3.88
007610,선도전기,KOSPI,3000,-3.88
186230,그린플러스,KOSDAQ,5870,-3.88
092730,네오팜,KOSDAQ,18370,-3.88
482680,미래에셋비전스팩7호,KOSDAQ,2015,-3.88
060240,스타코링크,KOSDAQ,1976,-3.88
031860,디에이치엑스컴퍼니,KOSDAQ,685,-3.88
041650,상신브레이크,KOSPI,2705,-3.89
041440,현대에버다임,KOSDAQ,8220,-3.89
003460,유화증권,KOSPI,2725,-3.89
061250,화일약품,KOSDAQ,1143,-3.9
005860,한일사료,KOSDAQ,3070,-3.91
001380,SG글로벌,KOSPI,1865,-3.91
133750,메가엠디,KOSDAQ,1815,-3.91
003850,보령,KOSPI,9010,-3.92
003780,진양산업,KOSPI,6740,-3.92
344820,KCC글라스,KOSPI,26500,-3.92
044490,태웅,KOSDAQ,25750,-3.93
265740,엔에프씨,KOSDAQ,4215,-3.93
189860,서전기전,KOSDAQ,3095,-3.93
001250,GS글로벌,KOSPI,2315,-3.93
310210,보로노이,KOSDAQ,217500,-3.93
011230,삼화전자,KOSPI,2725,-3.93
348030,모비릭스,KOSDAQ,3200,-3.95
004365,세방우,KOSPI,9270,-3.95
007660,이수페타시스,KOSPI,119200,-3.95
066310,큐에스아이,KOSDAQ,7420,-3.95
492220,KB제31호스팩,KOSDAQ,2015,-3.95
078130,국일제지,KOSDAQ,348,-3.96
001130,대한제분,KOSPI,146100,-3.96
078020,LS증권,KOSDAQ,4800,-3.96
003310,대주산업,KOSDAQ,3400,-3.96
256840,한국비엔씨,KOSDAQ,4480,-3.97
038530,케이바이오랩스,KOSDAQ,241,-3.97
045520,크린앤사이언스,KOSDAQ,3470,-3.97
044380,주연테크,KOSPI,431,-3.97
330350,위더스제약,KOSDAQ,8620,-3.97
208370,셀바스헬스케어,KOSDAQ,5810,-3.97
011210,현대위아,KOSPI,75700,-3.97
073110,엘엠에스,KOSDAQ,4990,-3.97
022100,포스코DX,KOSPI,28750,-3.98
000140,하이트진로홀딩스,KOSPI,9790,-3.99
200130,콜마비앤에이치,KOSDAQ,12800,-3.99
142280,녹십자엠에스,KOSDAQ,4005,-3.99
047820,초록뱀미디어,KOSDAQ,4510,-4.01
405920,나라셀라,KOSDAQ,2400,-4.02
321550,티움바이오,KOSDAQ,5990,-4.02
115440,우리넷,KOSDAQ,7250,-4.02
051980,중앙첨단소재,KOSDAQ,2470,-4.02
084650,랩지노믹스,KOSDAQ,1811,-4.02
049120,파인디앤씨,KOSDAQ,661,-4.03
034940,조아제약,KOSDAQ,1010,-4.03
033290,로젠,KOSDAQ,2155,-4.03
026150,특수건설,KOSDAQ,6380,-4.03
054210,이랜텍,KOSDAQ,9080,-4.03
128540,에코캡,KOSDAQ,1770,-4.04
014940,오리엔탈정공,KOSDAQ,7710,-4.04
267250,HD현대,KOSPI,188500,-4.04
039610,화성밸브,KOSDAQ,8120,-4.04
036540,SFA반도체,KOSDAQ,4575,-4.04
003650,미창석유,KOSPI,121700,-4.05
267270,HD건설기계,KOSPI,98400,-4.05
306620,지아이에스,KOSDAQ,2235,-4.05
122350,삼기,KOSDAQ,1263,-4.06
298040,효성중공업,KOSPI,1781000,-4.06
051910,LG화학,KOSPI,333000,-4.06
011930,신성이엔지,KOSPI,1589,-4.06
027580,상보,KOSDAQ,706,-4.06
093370,후성,KOSPI,7530,-4.06
322510,제이엘케이,KOSDAQ,5560,-4.07
277070,린드먼아시아,KOSDAQ,4980,-4.07
139480,이마트,KOSPI,81300,-4.07
086980,쇼박스,KOSDAQ,2435,-4.07
004910,조광페인트,KOSPI,5040,-4.08
031310,아이즈비전,KOSDAQ,1474,-4.08
004720,팜젠사이언스,KOSPI,4155,-4.09
058860,KTis,KOSPI,2715,-4.09
251630,브이원텍,KOSDAQ,5580,-4.09
221980,케이디켐,KOSDAQ,10560,-4.09
086900,메디톡스,KOSDAQ,120800,-4.1
007460,에이프로젠,KOSPI,697,-4.1
009830,한화솔루션,KOSPI,26800,-4.1
112040,위메이드,KOSDAQ,24950,-4.1
004980,성신양회,KOSPI,9500,-4.1
038680,에스넷,KOSDAQ,3400,-4.11
025550,한국선재,KOSDAQ,3380,-4.11
090470,제이스텍,KOSDAQ,4970,-4.11
336060,웨이버스,KOSDAQ,1009,-4.11
075970,동국알앤에스,KOSDAQ,2260,-4.11
053280,예스24,KOSDAQ,3700,-4.12
010960,삼호개발,KOSPI,3610,-4.12
104460,디와이피엔에프,KOSDAQ,13940,-4.12
014820,동원시스템즈,KOSPI,25050,-4.12
004100,태양금속,KOSPI,2320,-4.12
263050,유틸렉스,KOSDAQ,1108,-4.13
307280,원바이오젠,KOSDAQ,6680,-4.13
014190,원익큐브,KOSDAQ,1618,-4.14
000950,전방,KOSPI,35350,-4.14
354200,엔젠바이오,KOSDAQ,1460,-4.14
187660,페니트리움바이오,KOSDAQ,2380,-4.14
293480,하나제약,KOSPI,11220,-4.14
220260,켐트로스,KOSDAQ,7450,-4.14
039130,하나투어,KOSPI,48750,-4.15
237750,피앤씨테크,KOSDAQ,3855,-4.15
375500,DL이앤씨,KOSPI,41150,-4.15
048550,SM C&C,KOSDAQ,1330,-4.16
347740,피엔케이피부임상연구센타,KOSDAQ,2560,-4.16
025320,시노펙스,KOSDAQ,6070,-4.16
067000,조이시티,KOSDAQ,2055,-4.16
122690,서진오토모티브,KOSDAQ,3580,-4.16
208860,다산디엠씨,KOSDAQ,1499,-4.16
190510,나무가,KOSDAQ,17450,-4.17
272450,진에어,KOSPI,6930,-4.17
207760,미스터블루,KOSDAQ,1249,-4.17
373170,엠아이큐브솔루션,KOSDAQ,2335,-4.17
011280,태림포장,KOSPI,1950,-4.17
071090,하이스틸,KOSPI,3465,-4.18
001560,제일연마,KOSPI,9980,-4.18
048830,엔피케이,KOSDAQ,947,-4.19
024880,케이피에프,KOSDAQ,5210,-4.19
307930,컴퍼니케이,KOSDAQ,6390,-4.19
328130,루닛,KOSDAQ,38484,-4.19
093050,LF,KOSPI,18240,-4.19
331520,밸로프,KOSDAQ,573,-4.19
260930,씨티케이,KOSDAQ,4565,-4.2
006805,미래에셋증권우,KOSPI,14487,-4.2
450950,아스테라시스,KOSDAQ,12370,-4.21
189300,인텔리안테크,KOSDAQ,59500,-4.21
109080,옵티시스,KOSDAQ,8090,-4.21
005850,에스엘,KOSPI,42850,-4.21
081150,티플랙스,KOSDAQ,2845,-4.21
004870,티웨이홀딩스,KOSPI,479,-4.22
338220,뷰노,KOSDAQ,22350,-4.22
204020,그리티,KOSDAQ,2190,-4.22
119610,인터로조,KOSDAQ,16010,-4.23
259960,크래프톤,KOSPI,246000,-4.23
457550,우진엔텍,KOSDAQ,20200,-4.23
098460,고영,KOSDAQ,22900,-4.23
025950,동신건설,KOSDAQ,19970,-4.24
226320,잇츠한불,KOSPI,11120,-4.25
310200,애니플러스,KOSDAQ,3370,-4.25
140670,알에스오토메이션,KOSDAQ,16350,-4.25
033310,엠투엔,KOSDAQ,1793,-4.25
033240,자화전자,KOSPI,25700,-4.25
039740,한국정보공학,KOSDAQ,3025,-4.25
004560,현대비앤지스틸,KOSPI,10940,-4.26
093520,매커스,KOSDAQ,21950,-4.26
042940,상지건설,KOSDAQ,12250,-4.26
320000,한울반도체,KOSDAQ,2120,-4.26
452400,이닉스,KOSDAQ,11450,-4.27
060540,에스에이티,KOSDAQ,1361,-4.27
337930,젝시믹스,KOSDAQ,5170,-4.27
002710,TCC스틸,KOSPI,13920,-4.27
205100,엑셈,KOSDAQ,1971,-4.27
145720,덴티움,KOSPI,46200,-4.28
131400,이브이첨단소재,KOSDAQ,1391,-4.29
005680,삼영전자,KOSPI,10540,-4.3
002820,SUN&L,KOSPI,2635,-4.3
149980,하이로닉,KOSDAQ,5090,-4.3
002800,신신제약,KOSDAQ,5860,-4.3
006060,화승인더,KOSPI,3620,-4.31
058400,KNN,KOSDAQ,706,-4.31
063080,컴투스홀딩스,KOSDAQ,15930,-4.31
126700,하이비젼시스템,KOSDAQ,15930,-4.31
001820,삼화콘덴서,KOSPI,29250,-4.31
094940,푸른기술,KOSDAQ,8380,-4.32
078600,대주전자재료,KOSDAQ,63500,-4.32
051500,CJ프레시웨이,KOSDAQ,26750,-4.32
059100,아이컴포넌트,KOSDAQ,4935,-4.33
351330,이삭엔지니어링,KOSDAQ,8420,-4.33
005750,대림바스,KOSPI,4710,-4.33
139130,iM금융지주,KOSPI,15550,-4.33
026960,동서,KOSPI,26850,-4.33
206640,바디텍메드,KOSDAQ,13120,-4.33
052260,현대바이오랜드,KOSDAQ,4295,-4.34
251370,와이엠티,KOSDAQ,11770,-4.34
254490,미래반도체,KOSDAQ,16280,-4.34
030610,교보증권,KOSPI,9470,-4.34
003280,흥아해운,KOSPI,1584,-4.34
299660,셀리드,KOSDAQ,2860,-4.34
104480,티케이케미칼,KOSDAQ,1570,-4.34
018470,조일알미늄,KOSPI,1301,-4.34
016790,현대사료,KOSDAQ,994,-4.34
333620,엔시스,KOSDAQ,6220,-4.34
121440,골프존홀딩스,KOSDAQ,4985,-4.35
367000,플래티어,KOSDAQ,4190,-4.35
072020,중앙백신,KOSDAQ,9800,-4.36
267320,나인테크,KOSDAQ,2890,-4.36
103590,일진전기,KOSPI,54400,-4.36
011790,SKC,KOSPI,98129,-4.36
005440,현대지에프홀딩스,KOSPI,8320,-4.36
009420,한올바이오파마,KOSPI,43750,-4.37
219420,링크제니시스,KOSDAQ,5100,-4.37
137940,넥스트아이,KOSDAQ,311,-4.37
027740,마니커,KOSPI,784,-4.37
008260,NI스틸,KOSPI,3500,-4.38
027360,아주IB투자,KOSDAQ,2885,-4.38
007390,네이처셀,KOSDAQ,21800,-4.38
025880,케이씨피드,KOSDAQ,2690,-4.38
272550,삼양패키징,KOSPI,13610,-4.39
212710,아이에스티이,KOSDAQ,8040,-4.39
383930,디티앤씨알오,KOSDAQ,2590,-4.39
448280,에코아이,KOSDAQ,11550,-4.39
099220,SDN,KOSDAQ,1075,-4.39
246710,티앤알바이오팹,KOSDAQ,3910,-4.39
001570,금양,KOSPI,9900,-4.4
004650,창해에탄올,KOSDAQ,9820,-4.4
000220,유유제약,KOSPI,4515,-4.41
007070,GS리테일,KOSPI,20100,-4.41
041020,폴라리스오피스,KOSDAQ,4490,-4.41
214680,디알텍,KOSDAQ,2105,-4.41
036640,HRS,KOSDAQ,5170,-4.41
052330,코텍,KOSDAQ,9020,-4.41
230240,에치에프알,KOSDAQ,11580,-4.41
010130,고려아연,KOSPI,1316000,-4.41
065530,와이어블,KOSDAQ,1355,-4.42
187270,신화콘텍,KOSDAQ,3170,-4.42
008040,사조동아원,KOSPI,1105,-4.42
089600,KT나스미디어,KOSDAQ,12990,-4.43
185490,아이진,KOSDAQ,1739,-4.44
389140,포바이포,KOSDAQ,7470,-4.44
122310,제노레이,KOSDAQ,4160,-4.44
056360,코위버,KOSDAQ,5180,-4.45
215790,이노인스트루먼트,KOSDAQ,543,-4.48
191410,육일씨엔에쓰,KOSDAQ,3000,-4.48
122990,와이솔,KOSDAQ,5740,-4.49
234100,폴라리스세원,KOSDAQ,1049,-4.49
205470,휴마시스,KOSDAQ,1014,-4.49
053080,케이엔솔,KOSDAQ,11890,-4.5
041920,메디아나,KOSDAQ,9170,-4.5
217730,강스템바이오텍,KOSDAQ,2320,-4.5
043610,KT지니뮤직,KOSDAQ,1874,-4.51
432430,와이랩,KOSDAQ,4115,-4.51
450080,에코프로머티,KOSPI,52100,-4.51
005010,휴스틸,KOSPI,4005,-4.51
082800,비보존 제약,KOSDAQ,3848,-4.52
183190,아세아시멘트,KOSPI,12020,-4.52
001780,알루코,KOSPI,2125,-4.52
900120,씨엑스아이,KOSDAQ,528,-4.52
200880,서연이화,KOSPI,13000,-4.52
114840,아이패밀리에스씨,KOSDAQ,13650,-4.52
009070,KCTC,KOSPI,6270,-4.53
057540,옴니시스템,KOSDAQ,785,-4.53
241690,유니테크노,KOSDAQ,3370,-4.54
049960,쎌바이오텍,KOSDAQ,13110,-4.54
073640,테라사이언스,KOSDAQ,654,-4.54
001290,상상인증권,KOSPI,633,-4.54
054450,텔레칩스,KOSDAQ,15980,-4.54
060260,뉴보텍,KOSDAQ,1191,-4.55
102370,케이옥션,KOSDAQ,3540,-4.55
072770,멤레이비티,KOSDAQ,810,-4.55
043100,알파AI,KOSDAQ,1696,-4.55
008830,대동기어,KOSDAQ,17250,-4.55
003547,대신증권2우B,KOSPI,20250,-4.55
271560,오리온,KOSPI,105700,-4.55
010100,한국무브넥스,KOSPI,4645,-4.55
016090,대현,KOSPI,1700,-4.56
350520,이지스레지던스리츠,KOSPI,3800,-4.56
298050,HS효성첨단소재,KOSPI,181600,-4.57
014710,사조씨푸드,KOSPI,9210,-4.58
143210,핸즈코퍼레이션,KOSPI,1344,-4.59
142210,유니트론텍,KOSDAQ,6110,-4.59
015230,대창단조,KOSPI,6310,-4.6
28513K,SK케미칼우,KOSPI,28500,-4.61
014530,극동유화,KOSPI,3250,-4.61
069640,한세엠케이,KOSPI,623,-4.61
083500,에프엔에스테크,KOSDAQ,14470,-4.61
282880,코윈테크,KOSDAQ,16030,-4.61
003550,LG,KOSPI,80700,-4.62
005420,코스모화학,KOSPI,14350,-4.62
424960,스마트레이더시스템,KOSDAQ,8410,-4.62
255220,SG,KOSDAQ,2595,-4.62
009810,플레이그램,KOSPI,1250,-4.63
453340,현대그린푸드,KOSPI,15610,-4.64
079170,한창산업,KOSDAQ,6500,-4.64
348210,넥스틴,KOSDAQ,71900,-4.64
023590,다우기술,KOSPI,38850,-4.65
012200,계양전기,KOSPI,6630,-4.65
085310,엔케이,KOSPI,1167,-4.65
347850,디앤디파마텍,KOSDAQ,91800,-4.66
075130,플랜티넷,KOSDAQ,2490,-4.66
088340,유라클,KOSDAQ,13880,-4.66
440110,파두,KOSDAQ,21250,-4.66
121800,비덴트,KOSDAQ,3320,-4.66
038060,루멘스,KOSDAQ,613,-4.67
020710,시공테크,KOSDAQ,4160,-4.67
021320,KCC건설,KOSDAQ,5580,-4.67
049520,유아이엘,KOSDAQ,3310,-4.67
037030,파워넷,KOSDAQ,2685,-4.67
290520,신도기연,KOSDAQ,1812,-4.67
178320,서진시스템,KOSDAQ,25300,-4.68
042500,링네트,KOSDAQ,3790,-4.68
177350,베셀,KOSDAQ,1220,-4.68
109820,진매트릭스,KOSDAQ,2455,-4.69
222980,한국맥널티,KOSDAQ,3235,-4.69
402490,그린리소스,KOSDAQ,8270,-4.69
043220,티에스넥스젠,KOSDAQ,1710,-4.69
104700,한국철강,KOSPI,9930,-4.7
059210,메타바이오메드,KOSDAQ,4970,-4.7
054540,삼영엠텍,KOSDAQ,13750,-4.7
013310,아진산업,KOSDAQ,2870,-4.7
088280,쏘닉스,KOSDAQ,1680,-4.71
388790,라이콤,KOSDAQ,2630,-4.71
043910,자연과환경,KOSDAQ,630,-4.71
095700,제넥신,KOSDAQ,4685,-4.71
025750,한솔홈데코,KOSPI,637,-4.71
036580,팜스코,KOSPI,2395,-4.71
123410,코리아에프티,KOSDAQ,8230,-4.71
020150,롯데에너지머티리얼즈,KOSPI,30550,-4.71
006370,대구백화점,KOSPI,5510,-4.72
090350,노루페인트,KOSPI,8500,-4.72
473980,노머스,KOSDAQ,28000,-4.73
090850,현대이지웰,KOSDAQ,5140,-4.73
251970,펌텍코리아,KOSDAQ,52100,-4.74
007540,샘표,KOSPI,48900,-4.74
040350,크레오에스지,KOSDAQ,979,-4.74
073240,금호타이어,KOSPI,5860,-4.74
010780,아이에스동서,KOSPI,23350,-4.75
001440,대한전선,KOSPI,22900,-4.76
459100,위츠,KOSDAQ,6820,-4.76
095720,웅진씽크빅,KOSPI,1278,-4.76
000070,삼양홀딩스,KOSPI,57600,-4.76
014580,태경비케이,KOSPI,4600,-4.76
107590,미원홀딩스,KOSPI,67500,-4.76
383310,에코프로에이치엔,KOSDAQ,24050,-4.77
005740,크라운해태홀딩스,KOSPI,6800,-4.77
009270,신원,KOSPI,1532,-4.77
151860,KG에코솔루션,KOSDAQ,5600,-4.78
020400,대동금속,KOSDAQ,2852,-4.78
460940,피앤에스로보틱스,KOSDAQ,12340,-4.78
215360,우리산업,KOSDAQ,8210,-4.79
198080,캐프,KOSDAQ,2170,-4.79
045340,토탈소프트,KOSDAQ,7110,-4.79
372320,큐로셀,KOSDAQ,44950,-4.8
090435,아모레퍼시픽우,KOSPI,43750,-4.8
484130,하나34호스팩,KOSDAQ,2045,-4.81
183490,엔지켐생명과학,KOSDAQ,1530,-4.81
001680,대상,KOSPI,21050,-4.81
389260,대명에너지,KOSDAQ,19000,-4.81
003545,대신증권우,KOSPI,21000,-4.82
454910,두산로보틱스,KOSPI,78000,-4.82
352940,인바이오,KOSDAQ,2275,-4.82
273640,와이엠텍,KOSDAQ,8280,-4.83
050960,수산아이앤티,KOSDAQ,9720,-4.83
188260,세니젠,KOSDAQ,1923,-4.84
347000,센코,KOSDAQ,2210,-4.84
009300,삼아제약,KOSDAQ,15710,-4.84
352480,씨앤씨인터내셔널,KOSDAQ,29650,-4.84
376300,디어유,KOSDAQ,40100,-4.84
001430,세아베스틸지주,KOSPI,50200,-4.85
455900,엔젤로보틱스,KOSDAQ,30650,-4.85
005300,롯데칠성,KOSPI,139200,-4.85
053050,지에스이,KOSDAQ,2335,-4.85
014470,부방,KOSDAQ,1416,-4.85
089790,제이티,KOSDAQ,4525,-4.86
006620,동구바이오제약,KOSDAQ,5470,-4.86
102120,어보브반도체,KOSDAQ,12090,-4.86
239340,이스트에이드,KOSDAQ,1576,-4.87
009150,삼성전기,KOSPI,255000,-4.88
313760,캐리,KOSDAQ,1374,-4.89
004310,현대약품,KOSPI,8520,-4.9
263690,디알젬,KOSDAQ,5340,-4.9
348080,큐라티스,KOSDAQ,1300,-4.9
012330,현대모비스,KOSPI,373000,-4.92
440320,오픈놀,KOSDAQ,3790,-4.92
463480,모티브링크,KOSDAQ,7720,-4.92
254120,자비스,KOSDAQ,1491,-4.93
348150,고바이오랩,KOSDAQ,5730,-4.93
051370,인터플렉스,KOSDAQ,10580,-4.93
065150,대산F&B,KOSDAQ,145,-4.94
002240,고려제강,KOSPI,21400,-4.94
361610,SK아이이테크놀로지,KOSPI,25050,-4.94
038110,에코플라스틱,KOSDAQ,3060,-4.94
002230,피에스텍,KOSDAQ,9830,-4.96
121600,나노신소재,KOSDAQ,49950,-4.96
037560,LG헬로비전,KOSPI,2345,-4.97
136540,윈스테크넷,KOSDAQ,11350,-4.98
311320,지오엘리먼트,KOSDAQ,7080,-4.98
003000,부광약품,KOSPI,3785,-4.99
012790,신일제약,KOSDAQ,6070,-4.99
012030,DB,KOSPI,1474,-4.99
008930,한미사이언스,KOSPI,36250,-4.99
244920,에이플러스에셋,KOSPI,8940,-4.99
099190,아이센스,KOSDAQ,15900,-4.99
114450,그린생명과학,KOSDAQ,2900,-5.0
138070,신진에스엠,KOSDAQ,2100,-5.0
452200,민테크,KOSDAQ,2370,-5.0
054670,대한뉴팜,KOSDAQ,6570,-5.01
049950,미래컴퍼니,KOSDAQ,17310,-5.01
101160,월덱스,KOSDAQ,21550,-5.01
005940,NH투자증권,KOSPI,21100,-5.01
140860,파크시스템스,KOSDAQ,209000,-5.01
253450,스튜디오드래곤,KOSDAQ,42750,-5.02
099750,이지케어텍,KOSDAQ,9060,-5.02
033530,SJG세종,KOSPI,10050,-5.03
120115,코오롱인더우,KOSPI,25400,-5.03
068930,디지털대성,KOSDAQ,7870,-5.04
377220,프롬바이오,KOSDAQ,1235,-5.04
018670,SK가스,KOSPI,225000,-5.05
019550,SBI인베스트먼트,KOSDAQ,717,-5.05
302440,SK바이오사이언스,KOSPI,48200,-5.05
003925,남양유업우,KOSPI,34000,-5.05
347770,핌스,KOSDAQ,1128,-5.06
066570,LG전자,KOSPI,91900,-5.06
338840,와이바이오로직스,KOSDAQ,22900,-5.07
091700,파트론,KOSDAQ,6970,-5.07
199550,레이저옵텍,KOSDAQ,5180,-5.07
317690,퀀타매트릭스,KOSDAQ,4790,-5.07
023900,풍국주정,KOSDAQ,9230,-5.07
005160,동국산업,KOSDAQ,2730,-5.07
032300,한국파마,KOSDAQ,13000,-5.08
131100,티엔엔터테인먼트,KOSDAQ,1299,-5.08
443670,에스피소프트,KOSDAQ,5450,-5.08
048410,현대바이오,KOSDAQ,4965,-5.09
18064K,한진칼우,KOSPI,42100,-5.1
00781K,코리아써키트2우B,KOSPI,10500,-5.1
120030,조선선재,KOSPI,96100,-5.11
214270,FSN,KOSDAQ,1927,-5.11
009900,명신산업,KOSPI,8970,-5.12
065690,파커스,KOSDAQ,1206,-5.13
206650,유바이오로직스,KOSDAQ,11360,-5.13
011150,CJ씨푸드,KOSPI,2855,-5.14
004590,한국가구,KOSDAQ,4800,-5.15
294630,서남,KOSDAQ,2665,-5.15
310870,디와이씨,KOSDAQ,1245,-5.15
000540,흥국화재,KOSPI,3590,-5.15
360070,탑머티리얼,KOSDAQ,20950,-5.16
001755,한양증권우,KOSPI,18800,-5.16
099440,스맥,KOSDAQ,6790,-5.16
466410,사이냅소프트,KOSDAQ,12540,-5.16
005610,삼립,KOSPI,51900,-5.16
432720,퀄리타스반도체,KOSDAQ,15040,-5.16
424980,마이크로투나노,KOSDAQ,8210,-5.17
004830,덕성,KOSPI,4875,-5.17
122450,KX,KOSDAQ,3730,-5.17
096760,JW홀딩스,KOSPI,3590,-5.17
487830,신한제15호스팩,KOSDAQ,2075,-5.17
068100,케이웨더,KOSDAQ,3050,-5.18
108230,톱텍,KOSDAQ,4570,-5.18
092600,앤씨앤,KOSDAQ,564,-5.18
226400,오스테오닉,KOSDAQ,6220,-5.19
096630,에스코넥,KOSDAQ,598,-5.19
083420,그린케미칼,KOSPI,6560,-5.2
237690,에스티팜,KOSDAQ,119200,-5.2
000490,대동,KOSPI,9690,-5.2
187870,디바이스,KOSDAQ,13830,-5.2
003720,삼영,KOSPI,6160,-5.2
090360,로보스타,KOSDAQ,80100,-5.2
015360,INVENI,KOSPI,13300,-5.2
318020,포인트모바일,KOSDAQ,3835,-5.21
155650,와이엠씨,KOSDAQ,3820,-5.22
131370,알서포트,KOSDAQ,2430,-5.22
045660,에이텍,KOSDAQ,9990,-5.22
008775,호텔신라우,KOSPI,36950,-5.23
134790,시디즈,KOSPI,21400,-5.23
092440,기신정기,KOSPI,2315,-5.23
065710,서호전기,KOSDAQ,50900,-5.23
063160,종근당바이오,KOSPI,20350,-5.23
060150,인선이엔티,KOSDAQ,4490,-5.23
217500,러셀,KOSDAQ,1898,-5.24
064550,바이오니아,KOSDAQ,12750,-5.24
005950,이수화학,KOSPI,8260,-5.24
383220,F&F,KOSPI,68500,-5.24
017890,한국알콜,KOSDAQ,10580,-5.24
068290,삼성출판사,KOSPI,11040,-5.25
000390,삼화페인트,KOSPI,7760,-5.25
043200,파루,KOSDAQ,775,-5.25
038460,바이오스마트,KOSDAQ,3900,-5.25
016880,웅진,KOSPI,2340,-5.25
457600,벡트,KOSDAQ,2505,-5.26
213420,덕산네오룩스,KOSDAQ,36500,-5.27
207940,삼성바이오로직스,KOSPI,1695000,-5.27
299900,위지윅스튜디오,KOSDAQ,602,-5.27
050760,에스폴리텍,KOSDAQ,1400,-5.27
289220,자이언트스텝,KOSDAQ,4295,-5.28
047560,이스트소프트,KOSDAQ,16730,-5.28
445090,에이직랜드,KOSDAQ,28600,-5.28
001790,대한제당,KOSPI,2825,-5.28
452160,제이엔비,KOSDAQ,7070,-5.29
001060,JW중외제약,KOSPI,25500,-5.29
086710,선진뷰티사이언스,KOSDAQ,9350,-5.29
465320,교보15호스팩,KOSDAQ,2335,-5.31
340360,다보링크,KOSDAQ,1415,-5.31
211270,AP위성,KOSDAQ,12670,-5.32
161580,필옵틱스,KOSDAQ,43850,-5.32
023810,인팩,KOSPI,8960,-5.32
263720,디앤씨미디어,KOSDAQ,12300,-5.32
156100,엘앤케이바이오,KOSDAQ,12960,-5.33
160550,NEW,KOSDAQ,2235,-5.33
130500,GH신소재,KOSDAQ,2430,-5.33
214150,클래시스,KOSDAQ,54500,-5.33
092200,디아이씨,KOSPI,14420,-5.33
008600,윌비스,KOSPI,3319,-5.35
089230,THE E&M,KOSDAQ,1192,-5.35
376180,피코그램,KOSDAQ,2310,-5.36
079960,동양이엔피,KOSDAQ,25550,-5.37
290090,트윔,KOSDAQ,7480,-5.39
086890,이수앱지스,KOSDAQ,5150,-5.39
298830,슈어소프트테크,KOSDAQ,8040,-5.39
043150,바텍,KOSDAQ,19550,-5.39
900340,윙입푸드,KOSDAQ,800,-5.4
101360,에코앤드림,KOSDAQ,17620,-5.4
003680,한성기업,KOSPI,5500,-5.4
082850,우리바이오,KOSDAQ,2035,-5.4
126600,BGF에코머티리얼즈,KOSDAQ,3660,-5.4
005070,코스모신소재,KOSPI,43300,-5.4
163730,핑거,KOSDAQ,10010,-5.41
005250,녹십자홀딩스,KOSPI,15920,-5.41
219750,한국비티비,KOSDAQ,863,-5.41
382800,지앤비에스 에코,KOSDAQ,2830,-5.42
396300,세아메카닉스,KOSDAQ,2380,-5.42
107600,새빗켐,KOSDAQ,28950,-5.43
007690,국도화학,KOSPI,32700,-5.45
017860,DS단석,KOSPI,18170,-5.45
015710,코콤,KOSDAQ,3480,-5.45
003580,HLB글로벌,KOSPI,2320,-5.45
007340,DN오토모티브,KOSPI,24400,-5.45
078340,컴투스,KOSDAQ,29050,-5.45
017940,E1,KOSPI,83300,-5.46
285130,SK케미칼,KOSPI,65500,-5.47
087010,펩트론,KOSDAQ,254000,-5.47
001630,종근당홀딩스,KOSPI,46250,-5.48
284740,쿠쿠홈시스,KOSPI,24050,-5.48
103840,우양,KOSDAQ,3240,-5.48
382480,지아이텍,KOSDAQ,1906,-5.48
007860,서연,KOSPI,9650,-5.48
051360,토비스,KOSDAQ,15650,-5.49
001750,한양증권,KOSPI,19080,-5.49
475560,더본코리아,KOSPI,24200,-5.5
079000,와토스코리아,KOSDAQ,6400,-5.5
013000,세우글로벌,KOSPI,1186,-5.5
241590,화승엔터프라이즈,KOSPI,4920,-5.5
071050,한국금융지주,KOSPI,161700,-5.51
00088K,한화3우B,KOSPI,36650,-5.51
481890,엔에이치스팩31호,KOSDAQ,2120,-5.51
058730,다스코,KOSPI,3345,-5.52
148930,에이치와이티씨,KOSDAQ,3100,-5.52
261200,덴티스,KOSDAQ,4265,-5.53
097520,엠씨넥스,KOSPI,28850,-5.53
092790,넥스틸,KOSPI,9110,-5.54
063170,서울옥션,KOSDAQ,6920,-5.55
078140,대봉엘에스,KOSDAQ,11650,-5.56
077970,STX엔진,KOSPI,34000,-5.56
450520,인스웨이브,KOSDAQ,3325,-5.57
008730,율촌화학,KOSPI,25800,-5.57
493790,유안타제17호스팩,KOSDAQ,2000,-5.58
104620,노랑풍선,KOSDAQ,5200,-5.59
033270,유나이티드제약,KOSPI,19070,-5.59
003520,영진약품,KOSPI,2000,-5.59
026940,부국철강,KOSPI,2075,-5.59
464580,닷밀,KOSDAQ,2480,-5.6
048870,시너지이노베이션,KOSDAQ,2345,-5.6
125210,아모그린텍,KOSDAQ,6070,-5.6
460850,동국씨엠,KOSPI,5320,-5.6
317830,에스피시스템스,KOSDAQ,13680,-5.61
03473K,SK우,KOSPI,193100,-5.61
000210,DL,KOSPI,37650,-5.62
311390,네오크레마,KOSDAQ,5870,-5.63
446840,지슨,KOSDAQ,1825,-5.63
058610,에스피지,KOSDAQ,81300,-5.64
432980,엠에프씨,KOSDAQ,3490,-5.64
001940,KISCO홀딩스,KOSPI,25150,-5.64
018880,한온시스템,KOSPI,2965,-5.64
000105,유한양행우,KOSPI,101300,-5.64
008350,남선알미늄,KOSPI,1282,-5.65
000325,노루홀딩스우,KOSPI,30550,-5.65
032280,삼일,KOSDAQ,1390,-5.65
154040,다산솔루에타,KOSDAQ,1170,-5.65
419120,산돌,KOSDAQ,4115,-5.65
900310,컬러레이,KOSDAQ,572,-5.65
044340,위닉스,KOSDAQ,5620,-5.66
002900,TYM,KOSPI,6290,-5.66
016360,삼성증권,KOSPI,75400,-5.67
014570,고려제약,KOSDAQ,4300,-5.67
126720,수산인더스트리,KOSPI,21150,-5.67
038870,에코심플렉스,KOSDAQ,3100,-5.67
001340,PKC,KOSPI,5630,-5.69
479880,한국제15호스팩,KOSDAQ,2045,-5.69
002840,미원상사,KOSPI,150300,-5.69
037440,희림,KOSDAQ,4615,-5.69
218150,미래생명자원,KOSDAQ,2975,-5.7
021240,코웨이,KOSPI,86900,-5.71
036420,콘텐트리중앙,KOSPI,9700,-5.71
388870,파로스아이바이오,KOSDAQ,9390,-5.71
101390,아이엠,KOSDAQ,396,-5.71
358570,지아이이노베이션,KOSDAQ,17640,-5.72
196170,알테오젠,KOSDAQ,449500,-5.73
192400,쿠쿠홀딩스,KOSPI,29000,-5.73
291230,엔피,KOSDAQ,811,-5.74
145020,휴젤,KOSDAQ,230500,-5.74
229640,LS에코에너지,KOSPI,34550,-5.75
144960,뉴파워프라즈마,KOSDAQ,5170,-5.75
192390,윈하이텍,KOSDAQ,2185,-5.75
023440,제이스코홀딩스,KOSDAQ,684,-5.75
02826K,삼성물산우B,KOSPI,145000,-5.77
022220,티케이지애강,KOSDAQ,705,-5.78
001800,오리온홀딩스,KOSPI,20650,-5.79
241820,피씨엘,KOSDAQ,6040,-5.79
007210,벽산,KOSPI,1742,-5.8
010120,LS ELECTRIC,KOSPI,92000,-5.8
332370,아이디피,KOSDAQ,5080,-5.8
107640,한중엔시에스,KOSDAQ,46950,-5.81
475830,오름테라퓨틱,KOSDAQ,120000,-5.82
451760,컨텍,KOSDAQ,11220,-5.82
170900,동아에스티,KOSPI,50070,-5.82
382840,원준,KOSDAQ,7680,-5.83
460930,현대힘스,KOSDAQ,17690,-5.83
429270,시지트로닉스,KOSDAQ,4640,-5.84
371950,풍원정밀,KOSDAQ,9110,-5.84
072130,유엔젤,KOSPI,4555,-5.87
079810,APS이노베이션,KOSDAQ,5060,-5.87
114810,한솔아이원스,KOSDAQ,11970,-5.87
293580,나우IB,KOSDAQ,1550,-5.87
253840,수젠텍,KOSDAQ,6140,-5.88
003380,하림지주,KOSDAQ,10630,-5.89
471050,대신밸런스제17호스팩,KOSDAQ,2165,-5.89
000300,DH오토넥스,KOSPI,4200,-5.9
065350,신성델타테크,KOSDAQ,56700,-5.92
049430,코메론,KOSDAQ,13940,-5.92
407400,꿈비,KOSDAQ,5090,-5.93
323990,박셀바이오,KOSDAQ,9990,-5.93
068050,팬엔터테인먼트,KOSDAQ,1879,-5.95
064520,테크엘,KOSDAQ,1724,-5.95
086450,동국제약,KOSDAQ,17150,-5.97
051600,한전KPS,KOSPI,49450,-5.97
377030,비트맥스,KOSDAQ,1588,-5.97
217820,원익피앤이,KOSDAQ,3640,-5.97
396690,미래에셋글로벌리츠,KOSPI,2580,-5.98
230360,에코마케팅,KOSDAQ,10700,-5.98
036030,케이티알파,KOSDAQ,5440,-5.99
234690,녹십자웰빙,KOSDAQ,9140,-5.99
048470,대동스틸,KOSDAQ,2795,-6.01
095270,웨이브일렉트로,KOSDAQ,4505,-6.02
032850,비트컴퓨터,KOSDAQ,4705,-6.02
095660,네오위즈,KOSDAQ,24300,-6.02
000590,CS홀딩스,KOSPI,77500,-6.03
040910,아이씨디,KOSDAQ,3885,-6.03
461030,아이엠비디엑스,KOSDAQ,9890,-6.03
271830,팸텍,KOSDAQ,1790,-6.03
340440,세림B&G,KOSDAQ,1459,-6.03
479960,위너스일렉,KOSDAQ,10450,-6.04
003920,남양유업,KOSPI,50100,-6.04
001740,SK네트웍스,KOSPI,4520,-6.06
066575,LG전자우,KOSPI,48500,-6.07
055490,테이팩스,KOSPI,13990,-6.08
411080,샌즈랩,KOSDAQ,6900,-6.08
045060,오공,KOSDAQ,2350,-6.09
192820,코스맥스,KOSPI,163000,-6.09
251270,넷마블,KOSPI,48250,-6.1
065370,위세아이텍,KOSDAQ,5540,-6.12
480370,씨케이솔루션,KOSPI,2841,-6.12
071950,코아스,KOSPI,3570,-6.13
347700,스피어,KOSDAQ,14690,-6.14
144510,지씨셀,KOSDAQ,24850,-6.14
262260,에이프로,KOSDAQ,5130,-6.14
294140,레몬,KOSDAQ,5170,-6.14
115500,케이씨에스,KOSDAQ,9770,-6.15
368600,아이씨에이치,KOSDAQ,1185,-6.15
009450,경동나비엔,KOSPI,55500,-6.15
290560,파라택시스이더리움,KOSDAQ,1570,-6.17
000370,한화손해보험,KOSPI,5560,-6.18
035720,카카오,KOSPI,60100,-6.18
137950,제이씨케미칼,KOSDAQ,3200,-6.18
195940,HK이노엔,KOSDAQ,49300,-6.19
123330,제닉,KOSDAQ,16520,-6.2
080420,모다이노칩,KOSDAQ,2185,-6.21
004770,써니전자,KOSPI,1560,-6.21
049070,인탑스,KOSDAQ,20050,-6.22
015750,성우하이텍,KOSDAQ,6810,-6.22
054040,한국컴퓨터,KOSDAQ,5040,-6.22
408900,스튜디오미르,KOSDAQ,3020,-6.22
001390,KG케미칼,KOSPI,5260,-6.22
007370,진양제약,KOSDAQ,5030,-6.23
175330,JB금융지주,KOSPI,25650,-6.24
000680,LS네트웍스,KOSPI,3400,-6.25
950130,엑세스바이오,KOSDAQ,3800,-6.26
199820,제일일렉트릭,KOSDAQ,9680,-6.26
028260,삼성물산,KOSPI,239500,-6.26
000480,CR홀딩스,KOSPI,4835,-6.27
032620,GC메디아이,KOSDAQ,3650,-6.29
417840,저스템,KOSDAQ,5810,-6.29
000100,유한양행,KOSPI,112400,-6.3
053300,한국정보인증,KOSDAQ,5930,-6.3
006110,삼아알미늄,KOSPI,23800,-6.3
339770,교촌에프앤비,KOSPI,4340,-6.32
016580,환인제약,KOSPI,11320,-6.32
192650,드림텍,KOSPI,7060,-6.32
417200,LS머트리얼즈,KOSDAQ,12180,-6.33
052300,오션인더블유,KOSDAQ,2195,-6.34
039560,다산네트웍스,KOSDAQ,3170,-6.34
281740,레이크머티리얼즈,KOSDAQ,14750,-6.35
000150,두산,KOSPI,781000,-6.35
007810,코리아써키트,KOSPI,48300,-6.37
085670,뉴프렉스,KOSDAQ,4975,-6.37
351320,넥사다이내믹스,KOSDAQ,1269,-6.38
417180,핑거스토리,KOSDAQ,1752,-6.38
314930,바이오다인,KOSDAQ,13500,-6.39
362990,드림인사이트,KOSDAQ,1843,-6.39
073490,LIG아큐버,KOSDAQ,22400,-6.39
002720,국제약품,KOSPI,4300,-6.39
002360,SH에너지화학,KOSPI,374,-6.4
272290,이녹스첨단소재,KOSDAQ,22750,-6.4
002990,금호건설,KOSPI,3990,-6.4
122640,예스티,KOSDAQ,17800,-6.41
066700,테라젠이텍스,KOSDAQ,3160,-6.41
046390,삼화네트웍스,KOSDAQ,1190,-6.41
048530,인트론바이오,KOSDAQ,3250,-6.41
352820,하이브,KOSPI,330000,-6.42
382150,온코크로스,KOSDAQ,9580,-6.42
377460,위니아에이드,KOSDAQ,4080,-6.43
460860,동국제강,KOSPI,8240,-6.43
086060,진바이오텍,KOSDAQ,4010,-6.44
300120,라온피플,KOSDAQ,1185,-6.45
457370,한켐,KOSDAQ,7570,-6.45
000880,한화,KOSPI,81600,-6.48
081000,일진다이아,KOSPI,12010,-6.5
066620,국보디자인,KOSDAQ,23400,-6.51
092230,KPX홀딩스,KOSPI,72900,-6.51
006280,녹십자,KOSPI,159000,-6.51
033100,제룡전기,KOSDAQ,35100,-6.51
315640,딥노이드,KOSDAQ,3245,-6.51
101490,에스앤에스텍,KOSDAQ,48300,-6.52
396470,워트,KOSDAQ,7340,-6.52
017180,명문제약,KOSPI,1850,-6.52
036530,SNT홀딩스,KOSPI,54200,-6.53
004380,삼익THK,KOSPI,13000,-6.53
240600,유진테크놀로지,KOSDAQ,3815,-6.53
137310,에스디바이오센서,KOSPI,8900,-6.54
290550,디케이티,KOSDAQ,6860,-6.54
235980,메드팩토,KOSDAQ,6680,-6.54
354320,알멕,KOSDAQ,20150,-6.55
394280,오픈엣지테크놀로지,KOSDAQ,14350,-6.55
399720,가온칩스,KOSDAQ,51700,-6.57
418550,제이오,KOSDAQ,7010,-6.57
393890,더블유씨피,KOSDAQ,6240,-6.58
037370,EG,KOSDAQ,5460,-6.59
129920,대성하이텍,KOSDAQ,3975,-6.59
489210,교보17호스팩,KOSDAQ,2115,-6.59
062970,한국첨단소재,KOSDAQ,1442,-6.6
096530,씨젠,KOSDAQ,23800,-6.6
092780,DYP,KOSPI,3320,-6.61
370090,퓨런티어,KOSDAQ,16910,-6.62
086280,현대글로비스,KOSPI,180600,-6.63
104540,코렌텍,KOSDAQ,6700,-6.63
180640,한진칼,KOSPI,124000,-6.63
271940,일진하이솔루스,KOSPI,13400,-6.63
332570,PS일렉트로닉스,KOSDAQ,6330,-6.64
010060,OCI홀딩스,KOSPI,115200,-6.65
160190,하이젠알앤엠,KOSDAQ,59500,-6.65
006200,한국전자홀딩스,KOSPI,650,-6.66
335870,윙스풋,KOSDAQ,1671,-6.66
053030,바이넥스,KOSDAQ,14980,-6.67
203690,아크솔루션스,KOSDAQ,4425,-6.69
087260,모바일어플라이언스,KOSDAQ,1697,-6.69
080220,제주반도체,KOSDAQ,26350,-6.7
137400,피엔티,KOSDAQ,37600,-6.7
014830,유니드,KOSPI,67200,-6.71
317330,덕산테코피아,KOSDAQ,16920,-6.71
011200,HMM,KOSPI,20500,-6.71
090710,휴림로봇,KOSDAQ,7450,-6.72
194480,데브시스터즈,KOSDAQ,30300,-6.72
024900,디와이덕양,KOSPI,2080,-6.73
230980,비유테크놀러지,KOSDAQ,229,-6.74
094850,참좋은여행,KOSDAQ,5940,-6.75
138080,오이솔루션,KOSDAQ,13090,-6.75
035510,신세계 I&C,KOSPI,16220,-6.75
290670,대보마그네틱,KOSDAQ,12750,-6.76
194370,제이에스코퍼레이션,KOSPI,12820,-6.76
000910,유니온,KOSPI,4180,-6.77
304100,솔트룩스,KOSDAQ,26650,-6.78
035760,CJ ENM,KOSDAQ,64600,-6.78
084690,대상홀딩스,KOSPI,9800,-6.79
452450,피아이이,KOSDAQ,6890,-6.79
098070,한텍,KOSDAQ,30850,-6.8
034730,SK,KOSPI,256500,-6.81
056080,유진로봇,KOSDAQ,14400,-6.81
356680,엑스게이트,KOSDAQ,7640,-6.82
305090,마이크로디지탈,KOSDAQ,10820,-6.82
435570,에르코스,KOSDAQ,14810,-6.82
001840,이화공영,KOSDAQ,2215,-6.83
389020,자람테크놀로지,KOSDAQ,37500,-6.86
434480,모니터랩,KOSDAQ,3945,-6.86
047310,파워로직스,KOSDAQ,4240,-6.88
357880,SKAI,KOSDAQ,1597,-6.88
417790,트루엔,KOSDAQ,8220,-6.9
368770,파이버프로,KOSDAQ,10800,-6.91
260660,알리코제약,KOSDAQ,4275,-6.91
007820,엠엑스로보틱스,KOSDAQ,4390,-6.92
006490,인스코비,KOSPI,633,-6.92
383800,LX홀딩스,KOSPI,8020,-6.93
001275,부국증권우,KOSPI,28900,-6.94
248070,솔루엠,KOSPI,16590,-6.96
123570,이엠넷,KOSDAQ,1942,-6.96
070300,엑스큐어,KOSDAQ,1309,-6.97
064960,SNT모티브,KOSPI,34500,-6.98
086040,바이오톡스텍,KOSDAQ,2815,-6.99
080160,모두투어,KOSDAQ,10200,-6.99
326030,SK바이오팜,KOSPI,124600,-7.0
263860,지니언스,KOSDAQ,18650,-7.01
136490,선진,KOSPI,9700,-7.03
212560,네오오토,KOSDAQ,8850,-7.06
274090,켄코아에어로스페이스,KOSDAQ,17780,-7.07
101170,우림피티에스,KOSDAQ,17360,-7.07
448710,코츠테크놀로지,KOSDAQ,16720,-7.08
008770,호텔신라,KOSPI,44600,-7.08
065680,우주일렉트로,KOSDAQ,36150,-7.08
000157,두산2우B,KOSPI,433500,-7.08
004990,롯데지주,KOSPI,26450,-7.1
377330,이지트로닉스,KOSDAQ,3975,-7.13
045100,한양이엔지,KOSDAQ,21350,-7.18
012630,HDC,KOSPI,18710,-7.2
356890,싸이버원,KOSDAQ,3945,-7.21
389470,인벤티지랩,KOSDAQ,84200,-7.22
277880,티에스아이,KOSDAQ,4820,-7.23
060280,큐렉소,KOSDAQ,12960,-7.23
002810,삼영무역,KOSPI,16030,-7.26
004800,효성,KOSPI,114700,-7.27
198440,강동씨앤엘,KOSDAQ,1088,-7.27
033790,피노,KOSDAQ,5500,-7.27
087600,픽셀플러스,KOSDAQ,6320,-7.28
064400,LG씨엔에스,KOSPI,61400,-7.28
033160,엠케이전자,KOSDAQ,8400,-7.28
067920,이글루,KOSDAQ,5240,-7.28
200710,에이디테크놀로지,KOSDAQ,33850,-7.29
147830,제룡산업,KOSDAQ,6160,-7.29
045970,코아시아,KOSDAQ,5800,-7.32
054800,아이디스홀딩스,KOSDAQ,11900,-7.33
451220,아이엠티,KOSDAQ,9620,-7.33
094360,칩스앤미디어,KOSDAQ,18050,-7.34
079900,전진건설로봇,KOSPI,47950,-7.35
089980,상아프론테크,KOSDAQ,15520,-7.37
025560,미래산업,KOSPI,13780,-7.37
115310,인포바인,KOSDAQ,62400,-7.38
042420,네오위즈홀딩스,KOSDAQ,25050,-7.38
481070,에이유브랜즈,KOSDAQ,22300,-7.38
079160,CJ CGV,KOSPI,5950,-7.39
178920,PI첨단소재,KOSPI,15620,-7.39
054950,제이브이엠,KOSDAQ,25850,-7.4
322000,HD현대에너지솔루션,KOSPI,54700,-7.4
149950,아바텍,KOSDAQ,10010,-7.41
031210,서울보증보험,KOSPI,49750,-7.42
441270,파인엠텍,KOSDAQ,9830,-7.42
418620,E8,KOSDAQ,1514,-7.43
044480,빌리언스,KOSDAQ,296,-7.44
000520,삼일제약,KOSPI,9690,-7.45
030190,NICE평가정보,KOSPI,17000,-7.46
398120,에스지헬스케어,KOSDAQ,2995,-7.49
069620,대웅제약,KOSPI,172300,-7.5
033780,KT&G,KOSPI,142100,-7.51
384470,코어라인소프트,KOSDAQ,4080,-7.51
069080,웹젠,KOSDAQ,12900,-7.52
243070,휴온스,KOSDAQ,27400,-7.53
141080,리가켐바이오,KOSDAQ,173700,-7.53
475460,미트박스,KOSDAQ,8580,-7.53
336570,원텍,KOSDAQ,7750,-7.56
039020,이건홀딩스,KOSDAQ,4340,-7.56
090460,비에이치,KOSPI,16100,-7.57
060850,영림원소프트랩,KOSDAQ,6140,-7.57
403550,쏘카,KOSPI,11470,-7.61
321260,프로이천,KOSDAQ,1724,-7.62
413390,엠오티,KOSDAQ,7110,-7.66
036620,감성코퍼레이션,KOSDAQ,5770,-7.67
032500,케이엠더블유,KOSDAQ,14400,-7.68
060720,KH바텍,KOSDAQ,11180,-7.71
061040,알에프텍,KOSDAQ,1996,-7.73
424760,벨로크,KOSDAQ,1038,-7.75
043260,성호전자,KOSDAQ,9240,-7.75
251120,바이오에프디엔씨,KOSDAQ,15800,-7.75
005960,동부건설,KOSPI,5630,-7.78
456040,OCI,KOSPI,59600,-7.78
071055,한국금융지주우,KOSPI,125600,-7.8
950220,네오이뮨텍,KOSDAQ,821,-7.81
114090,GKL,KOSPI,14970,-7.81
412350,레이저쎌,KOSDAQ,1925,-7.82
464080,에스오에스랩,KOSDAQ,14200,-7.82
307950,현대오토에버,KOSPI,332000,-7.82
066900,디에이피,KOSDAQ,1887,-7.83
182400,엔케이젠바이오텍코리아,KOSDAQ,3670,-7.84
373110,엑셀세라퓨틱스,KOSDAQ,1661,-7.87
263600,덕우전자,KOSDAQ,4780,-7.88
120110,코오롱인더,KOSPI,44850,-7.89
036810,에프에스티,KOSDAQ,30650,-7.89
052710,아모텍,KOSDAQ,9820,-7.91
005500,삼진제약,KOSPI,19750,-7.91
388720,유일로보틱스,KOSDAQ,83200,-7.92
118990,모트렉스,KOSDAQ,9510,-7.92
044820,코스맥스비티아이,KOSPI,13570,-7.93
096250,와이즈넛,KOSDAQ,11300,-7.95
112290,와이씨켐,KOSDAQ,20200,-7.97
123420,위메이드플레이,KOSDAQ,7580,-7.98
000500,가온전선,KOSPI,82400,-7.99
062040,산일전기,KOSPI,130100,-8.07
456070,이엔셀,KOSDAQ,18180,-8.08
032980,바이온,KOSDAQ,604,-8.09
054300,팬스타엔터프라이즈,KOSDAQ,660,-8.11
225530,HC보광산업,KOSDAQ,2915,-8.11
105760,포스뱅크,KOSDAQ,5310,-8.12
391710,코닉오토메이션,KOSDAQ,2290,-8.14
009155,삼성전기우,KOSPI,116000,-8.16
476080,M83,KOSDAQ,9320,-8.18
452430,사피엔반도체,KOSDAQ,38100,-8.18
322180,LS티라유텍,KOSDAQ,7740,-8.19
218410,RFHIC,KOSDAQ,32650,-8.21
37550K,DL이앤씨우,KOSPI,21700,-8.21
416180,신성에스티,KOSDAQ,32500,-8.23
056190,에스에프에이,KOSDAQ,23400,-8.23
475400,씨메스로보틱스,KOSDAQ,33100,-8.3
006730,서부T&D,KOSDAQ,13100,-8.32
300080,플리토,KOSDAQ,16740,-8.36
307750,국전약품,KOSDAQ,3365,-8.37
461300,아이스크림미디어,KOSDAQ,17400,-8.37
050890,쏠리드,KOSDAQ,7370,-8.38
036570,NC,KOSPI,201500,-8.43
351870,차이커뮤니케이션,KOSDAQ,5020,-8.43
355150,코스텍시스,KOSDAQ,13500,-8.44
003480,한진중공업홀딩스,KOSPI,4655,-8.45
088390,이녹스,KOSDAQ,8350,-8.45
037270,YG PLUS,KOSPI,7270,-8.54
001045,CJ우,KOSPI,89300,-8.58
484810,티엑스알로보틱스,KOSDAQ,15820,-8.59
017510,세명전기,KOSDAQ,8790,-8.61
046890,서울반도체,KOSDAQ,6210,-8.66
013120,동원개발,KOSDAQ,2790,-8.67
475150,SK이터닉스,KOSPI,20700,-8.78
020760,일진디스플,KOSPI,902,-8.78
334970,프레스티지바이오로직스,KOSDAQ,3035,-8.79
204610,티쓰리,KOSDAQ,1850,-8.79
059090,미코,KOSDAQ,13380,-8.82
489790,한화비전,KOSPI,44900,-8.85
413640,비아이매트릭스,KOSDAQ,9520,-8.85
290660,네오펙트,KOSDAQ,724,-8.89
001270,부국증권,KOSPI,56000,-8.89
092190,서울바이오시스,KOSDAQ,2560,-8.93
024910,경창산업,KOSDAQ,1496,-8.94
032350,롯데관광개발,KOSPI,23250,-8.96
214370,케어젠,KOSDAQ,71800,-8.97
228760,지노믹트리,KOSDAQ,27450,-8.97
003540,대신증권,KOSPI,27000,-8.98
499790,GS피앤엘,KOSPI,42000,-8.98
00104K,CJ4우(전환),KOSPI,152500,-8.98
357580,아모센스,KOSDAQ,6660,-9.02
439580,블루엠텍,KOSDAQ,4420,-9.02
950210,프레스티지바이오파마,KOSPI,12850,-9.06
060590,씨티씨바이오,KOSDAQ,4625,-9.1
446070,유니드비티플러스,KOSPI,3445,-9.14
004170,신세계,KOSPI,247000,-9.19
060370,LS마린솔루션,KOSDAQ,29950,-9.21
148250,알엔투테크놀로지,KOSDAQ,3170,-9.23
465480,인스피언,KOSDAQ,5290,-9.24
041510,에스엠,KOSDAQ,135000,-9.25
487570,HS효성,KOSPI,57900,-9.26
003090,대웅,KOSPI,22050,-9.27
047400,유니온머티리얼,KOSPI,1336,-9.28
474170,루미르,KOSDAQ,9050,-9.28
474610,RF시스템즈,KOSDAQ,4765,-9.4
040160,누리플렉스,KOSDAQ,3765,-9.43
034230,파라다이스,KOSPI,16550,-9.46
214430,아이쓰리시스템,KOSDAQ,76500,-9.46
005720,넥센,KOSPI,6060,-9.47
097800,윈팩,KOSDAQ,516,-9.5
032960,동일기연,KOSDAQ,15780,-9.5
004370,농심,KOSPI,432500,-9.51
006260,LS,KOSPI,199900,-9.52
289930,웨이비스,KOSDAQ,8400,-9.55
071280,로체시스템즈,KOSDAQ,8830,-9.58
139990,아주스틸,KOSPI,3335,-9.64
001040,CJ,KOSPI,172000,-9.64
430690,한싹,KOSDAQ,4795,-9.7
453860,에이에스텍,KOSDAQ,16110,-9.73
298380,에이비엘바이오,KOSDAQ,200000,-9.77
458650,성우,KOSDAQ,9610,-9.78
373160,데이원컴퍼니,KOSDAQ,5120,-9.86
228670,레이,KOSDAQ,6770,-9.92
263700,케어랩스,KOSDAQ,2940,-10.05
101000,KS인더스트리,KOSDAQ,662,-10.06
049470,비트플래닛,KOSDAQ,877,-10.1
402340,SK스퀘어,KOSPI,368000,-10.26
004700,조광피혁,KOSPI,65500,-10.29
105550,엣지파운드리,KOSDAQ,1560,-10.48
418420,라온텍,KOSDAQ,4410,-10.52
096610,알에프세미,KOSDAQ,2965,-10.52
177900,쓰리에이로직스,KOSDAQ,6370,-10.55
377450,리파인,KOSDAQ,12330,-10.61
003800,에이스침대,KOSDAQ,30650,-10.77
092870,엑시콘,KOSDAQ,15120,-10.79
471820,셀로맥스사이언스,KOSDAQ,6500,-10.87
389650,넥스트바이오메디컬,KOSDAQ,89400,-10.92
445180,퓨릿,KOSDAQ,8790,-11.14
000250,삼천당제약,KOSDAQ,232500,-11.14
319400,현대무벡스,KOSDAQ,18790,-11.15
37550L,DL이앤씨2우(전환),KOSPI,30500,-11.24
217620,선샤인푸드,KOSDAQ,3810,-11.28
068240,다원시스,KOSDAQ,2420,-11.31
115610,이미지스,KOSDAQ,1156,-11.67
462980,아이지넷,KOSDAQ,2080,-11.69
039490,키움증권,KOSPI,289500,-11.9
303810,동국생명과학,KOSDAQ,3660,-11.99
009780,엠에스씨,KOSDAQ,7920,-12.0
001720,신영증권,KOSPI,134100,-12.01
159010,아스플로,KOSDAQ,4765,-12.04
472850,폰드그룹,KOSDAQ,10060,-12.11
900110,이스트아시아홀딩스,KOSDAQ,1112,-12.38
131030,옵투스제약,KOSDAQ,6880,-12.55
002380,KCC,KOSPI,420500,-12.63
308430,셀비온,KOSDAQ,23600,-12.76
036220,오상헬스케어,KOSDAQ,11840,-12.78
258830,세종메디칼,KOSDAQ,412,-12.79
065570,삼영이엔씨,KOSDAQ,764,-13.03
126340,비나텍,KOSDAQ,71900,-13.05
376930,노을,KOSDAQ,1965,-13.12
460870,에스엠씨지,KOSDAQ,3775,-13.19
000320,노루홀딩스,KOSPI,21050,-13.25
200670,휴메딕스,KOSDAQ,40350,-13.44
126730,코칩,KOSDAQ,14630,-13.59
365330,에스와이스틸텍,KOSDAQ,3410,-13.99
469750,아이비젼웍스,KOSDAQ,1274,-14.07
163280,에어레인,KOSDAQ,6475,-14.18
489500,엘케이켐,KOSDAQ,36300,-14.56
069920,엑시온그룹,KOSDAQ,708,-14.91
209640,와이제이링크,KOSDAQ,4155,-15.15
054180,메디콕스,KOSDAQ,2295,-15.29
072710,농심홀딩스,KOSPI,90500,-15.52
487720,키움제10호스팩,KOSDAQ,2090,-16.19
001530,DI동일,KOSPI,19650,-19.32
415380,스튜디오삼익,KOSDAQ,2290,-19.72
